"inventory_position","shop_domain","product_key","product_id","product_gid","Handle","product_url","collection_url","canonical_url","title_current","vendor","product_type","tags","published_at","created_at","updated_at","variant_count","image_count","first_image_url","min_price","max_price","available","source","discovery_status","processing_status","notes","discovered_at"
"1","jeminise.com","jeminise.com+autumn-cardinals-perched-above-large-sunflowers-quilt-with-cardinal-birds-9a3b408b20-9a3b408b20","8834718105799","","autumn-cardinals-perched-above-large-sunflowers-quilt-with-cardinal-birds-9a3b408b20-9a3b408b20","https://jeminise.com/products/autumn-cardinals-perched-above-large-sunflowers-quilt-with-cardinal-birds-9a3b408b20-9a3b408b20","https://jeminise.com/collections/all/products/autumn-cardinals-perched-above-large-sunflowers-quilt-with-cardinal-birds-9a3b408b20-9a3b408b20","","Autumn Cardinals Perched Above Large Sunflowers Quilt with Cardinal Birds","Jeminise","Quilt","amazon-import, amazon-parent-b0djpc8jwx, Christmas Quilt, Floral Quilt, Personalized Blanket, Quilt Set, Wildlife Quilt","2026-07-26T17:08:21-05:00","2026-07-26T15:53:08-05:00","2026-09-06T11:40:41-05:00","15","5","https://cdn.shopify.com/s/files/1/0792/5098/1063/files/0754b2731a7ffd916d0ef8b214706e796d780fbd4ba38c8f47f27b6dcfbf352e.jpg?v=1785099190","51.90","126.90","TRUE","collections/all/products.json","DISCOVERED","DISCOVERED","","2026-09-06T23:41:32.4166246+07:00"
"2","jeminise.com","jeminise.com+bright-teal-yellow-softball-comforter-set-premium-sports-theme","8867219865799","","bright-teal-yellow-softball-comforter-set-premium-sports-theme","https://jeminise.com/products/bright-teal-yellow-softball-comforter-set-premium-sports-theme","https://jeminise.com/collections/all/products/bright-teal-yellow-softball-comforter-set-premium-sports-theme","","Bright Teal Yellow Softball Comforter Set – Premium Sports Theme","Jeminise","Comforter Sets","amazon-import, amazon-parent-b0cjnfgzvk, Comforter Set, Girls Bedding, Softball Bedding, Softball Comforter, Softball Lover, Sport Theme, Sports Comforter, Teens Bedding","2026-08-20T12:05:55-05:00","2026-08-20T11:58:29-05:00","2026-09-06T11:40:41-05:00","12","7","https://cdn.shopify.com/s/files/1/0792/5098/1063/files/aaac3be2edd458da15620b4b48ea0557ee8e33aa5a6ff9ed0d0db11848fd4cbe.jpg?v=1787245111","61.90","121.90","TRUE","collections/all/products.json","DISCOVERED","DISCOVERED","","2026-09-06T23:41:32.4166246+07:00"
"3","jeminise.com","jeminise.com+cardinals-perched-beside-decorated-christmas-tree-patchwork-winter-quilt-7cd7bc46a0-7cd7bc46a0","8834714534087","","cardinals-perched-beside-decorated-christmas-tree-patchwork-winter-quilt-7cd7bc46a0-7cd7bc46a0","https://jeminise.com/products/cardinals-perched-beside-decorated-christmas-tree-patchwork-winter-quilt-7cd7bc46a0-7cd7bc46a0","https://jeminise.com/collections/all/products/cardinals-perched-beside-decorated-christmas-tree-patchwork-winter-quilt-7cd7bc46a0-7cd7bc46a0","","Cardinals Perched Beside Decorated Christmas Tree Patchwork Winter Quilt","Jeminise","Quilt","amazon-import, amazon-parent-b0djpc8jwx, Christmas Gift, Christmas Quilt, Custom Quilt, Holiday Bedding, Quilt Set, Wildlife Quilt","2026-07-26T17:08:21-05:00","2026-07-26T15:51:47-05:00","2026-09-06T11:40:41-05:00","15","5","https://cdn.shopify.com/s/files/1/0792/5098/1063/files/3a652bff5b2cdcf1fb571a14f08c2175d783a6106bb14665fb5861e23501a1fa.jpg?v=1785099109","51.90","126.90","TRUE","collections/all/products.json","DISCOVERED","DISCOVERED","","2026-09-06T23:41:32.4166246+07:00"
"4","jeminise.com","jeminise.com+cardinals-perched-on-branch-with-roses-patchwork-winter-quilt-21ac904cd7-21ac904cd7","8834733015239","","cardinals-perched-on-branch-with-roses-patchwork-winter-quilt-21ac904cd7-21ac904cd7","https://jeminise.com/products/cardinals-perched-on-branch-with-roses-patchwork-winter-quilt-21ac904cd7-21ac904cd7","https://jeminise.com/collections/all/products/cardinals-perched-on-branch-with-roses-patchwork-winter-quilt-21ac904cd7-21ac904cd7","","Cardinals Perched on Branch with Roses Patchwork Winter Quilt","Jeminise","Quilt","amazon-import, amazon-parent-b0djpc8jwx, Christmas Quilt, Custom Blanket, Quilt Set, Wildlife Quilt","2026-07-26T17:08:25-05:00","2026-07-26T15:59:32-05:00","2026-09-06T11:40:41-05:00","15","5","https://cdn.shopify.com/s/files/1/0792/5098/1063/files/e3dd349b4f8425ce46aea21296a0670e616f15f912e8415586fd0ccdb402fadf.jpg?v=1785099574","51.90","126.90","TRUE","collections/all/products.json","DISCOVERED","DISCOVERED","","2026-09-06T23:41:32.4166246+07:00"
"5","jeminise.com","jeminise.com+cat-patchwork-quilt-set-animal-pattern-bedding-cat-pattern-quilt-set","8867094823111","","cat-patchwork-quilt-set-animal-pattern-bedding-cat-pattern-quilt-set","https://jeminise.com/products/cat-patchwork-quilt-set-animal-pattern-bedding-cat-pattern-quilt-set","https://jeminise.com/collections/all/products/cat-patchwork-quilt-set-animal-pattern-bedding-cat-pattern-quilt-set","","Cat Patchwork Quilt Set, Animal Pattern Bedding, Cat Pattern Quilt Set","Jeminise","Quilt Sets","amazon-import, amazon-parent-b0dr8q4jxb, Birthday Gift, Christmas Gift, Custom Blanket, Family Blanket, Farmhouse Quilt, New Year Gift, Personalized Blanket, Quilt Set","2026-08-20T09:04:03-05:00","2026-08-20T08:47:43-05:00","2026-09-06T11:40:41-05:00","20","7","https://cdn.shopify.com/s/files/1/0792/5098/1063/files/4cb58385aa64c7ba3ce5dabd48014490cd060d90ab8ef7be5d1681dbc0c68a37.jpg?v=1787233666","54.90","124.90","TRUE","collections/all/products.json","DISCOVERED","DISCOVERED","","2026-09-06T23:41:32.4166246+07:00"
"6","jeminise.com","jeminise.com+cat-quilt-set-cat-patchwork-style-printed-bedding-animal-patchwork","8867094986951","","cat-quilt-set-cat-patchwork-style-printed-bedding-animal-patchwork","https://jeminise.com/products/cat-quilt-set-cat-patchwork-style-printed-bedding-animal-patchwork","https://jeminise.com/collections/all/products/cat-quilt-set-cat-patchwork-style-printed-bedding-animal-patchwork","","Cat Quilt Set - Cat Patchwork Style Printed Bedding, Animal Patchwork","Jeminise","Quilt Sets","amazon-import, amazon-parent-b0dr8q4jxb, Christmas Quilt, Custom Quilt, Dad Gift, Family Blanket, Farmhouse Quilt, Mom Gift, Personalized Quilt, Quilt Set","2026-08-20T09:04:04-05:00","2026-08-20T08:47:55-05:00","2026-09-06T11:40:41-05:00","20","7","https://cdn.shopify.com/s/files/1/0792/5098/1063/files/168d48c33af74fd729615aa6c0790691ec2ec8ab000886bd93c0851b05764cb5.jpg?v=1787233678","54.90","124.90","TRUE","collections/all/products.json","DISCOVERED","DISCOVERED","","2026-09-06T23:41:32.4166246+07:00"
"7","jeminise.com","jeminise.com+celtic-and-fantasy-quilt-set-with-twisting-tree-trunk-and-exposed-roots-c7b1460bad-c7b1460bad","8833350467783","","celtic-and-fantasy-quilt-set-with-twisting-tree-trunk-and-exposed-roots-c7b1460bad-c7b1460bad","https://jeminise.com/products/celtic-and-fantasy-quilt-set-with-twisting-tree-trunk-and-exposed-roots-c7b1460bad-c7b1460bad","https://jeminise.com/collections/all/products/celtic-and-fantasy-quilt-set-with-twisting-tree-trunk-and-exposed-roots-c7b1460bad-c7b1460bad","","Celtic and Fantasy Quilt Set with Twisting Tree Trunk And Exposed Roots","Jeminise","Quilt Sets","amazon-import, amazon-parent-b0dnsvy2qj, Fantasy Blankets, Personalized Blanket, Quilt Set, Tree of Life Quilt","2026-07-26T01:44:19-05:00","2026-07-26T01:29:25-05:00","2026-09-06T11:40:41-05:00","20","7","https://cdn.shopify.com/s/files/1/0792/5098/1063/files/fa88df693fa60cabcd0f81ce06bcd29af56cdf7514f68810d99ef599203c821d.jpg?v=1785047367","51.90","134.90","TRUE","collections/all/products.json","DISCOVERED","DISCOVERED","","2026-09-06T23:41:32.4166246+07:00"
"8","jeminise.com","jeminise.com+celtic-mythology-tree-of-life-quilt-set-with-celtic-knotwork-border-12786aba7e-12786aba7e","8833347518663","","celtic-mythology-tree-of-life-quilt-set-with-celtic-knotwork-border-12786aba7e-12786aba7e","https://jeminise.com/products/celtic-mythology-tree-of-life-quilt-set-with-celtic-knotwork-border-12786aba7e-12786aba7e","https://jeminise.com/collections/all/products/celtic-mythology-tree-of-life-quilt-set-with-celtic-knotwork-border-12786aba7e-12786aba7e","","Celtic Mythology Tree of Life Quilt Set With Celtic Knotwork Border","Jeminise","Quilt Sets","amazon-import, amazon-parent-b0dnsvy2qj, Custom Blanket, Family Blanket, Personalized Blanket, Quilt Set, Tree of Life Quilt","2026-07-26T01:44:19-05:00","2026-07-26T01:26:26-05:00","2026-09-06T11:40:41-05:00","15","7","https://cdn.shopify.com/s/files/1/0792/5098/1063/files/eeee3be59c912ddfb95b556144ad283287f06b56c3797e9000aed4094e9c0f46.jpg?v=1785047188","51.90","126.90","TRUE","collections/all/products.json","DISCOVERED","DISCOVERED","","2026-09-06T23:41:32.4166246+07:00"
"9","jeminise.com","jeminise.com+chicken-pattern-quilt-set-animal-patchwork-farmhouse-quilt-set","8867095019719","","chicken-pattern-quilt-set-animal-patchwork-farmhouse-quilt-set","https://jeminise.com/products/chicken-pattern-quilt-set-animal-patchwork-farmhouse-quilt-set","https://jeminise.com/collections/all/products/chicken-pattern-quilt-set-animal-patchwork-farmhouse-quilt-set","","Chicken Pattern Quilt Set, Animal Patchwork Farmhouse Quilt Set","Jeminise","Quilt Sets","amazon-import, amazon-parent-b0dr8q4jxb, Christmas Quilt, Custom Blanket, Dad Gift, Family Blanket, Farmhouse Quilt, Mom Gift, Personalized Blanket, Quilt Set","2026-08-20T09:04:05-05:00","2026-08-20T08:47:59-05:00","2026-09-06T11:40:41-05:00","20","7","https://cdn.shopify.com/s/files/1/0792/5098/1063/files/df2728478e8364bc96182ba33c31dd08dcdab3758f1c26ecd4c76bcfacdeadc5.jpg?v=1787233682","54.90","124.90","TRUE","collections/all/products.json","DISCOVERED","DISCOVERED","","2026-09-06T23:41:32.4166246+07:00"
"10","jeminise.com","jeminise.com+christian-bedding-set-inspirational-bible-verse-comforte-design-01","8867138240711","","christian-bedding-set-inspirational-bible-verse-comforte-design-01","https://jeminise.com/products/christian-bedding-set-inspirational-bible-verse-comforte-design-01","https://jeminise.com/collections/all/products/christian-bedding-set-inspirational-bible-verse-comforte-design-01","","Christian Bedding Set – Inspirational Bible Verse Comforte - Design 01","Jeminise","Comforter Sets","amazon-import, amazon-parent-b0fjkvs1xp, Christian & Baptism Blankets, Christian & Baptism Comforter, Comforter Set, Daughter Comforter, Faith Gift, Mom Comforter, Personalized Blanket, Sister Comforter","2026-08-20T10:05:43-05:00","2026-08-20T09:54:53-05:00","2026-09-06T11:40:41-05:00","48","8","https://cdn.shopify.com/s/files/1/0792/5098/1063/files/e0fe73b713afc62cfffb3946372bff45f6aba6f1bc25f209c29052448bc1decb.jpg?v=1787237695","36.90","151.90","TRUE","collections/all/products.json","DISCOVERED","DISCOVERED","","2026-09-06T23:41:32.4166246+07:00"
"11","jeminise.com","jeminise.com+christian-bedding-set-inspirational-bible-verse-comforte-design-02","8867138732231","","christian-bedding-set-inspirational-bible-verse-comforte-design-02","https://jeminise.com/products/christian-bedding-set-inspirational-bible-verse-comforte-design-02","https://jeminise.com/collections/all/products/christian-bedding-set-inspirational-bible-verse-comforte-design-02","","Christian Bedding Set – Inspirational Bible Verse Comforte - Design 02","Jeminise","Comforter Sets","amazon-import, amazon-parent-b0fjkvs1xp, Christian & Baptism Comforter, Comforter Set, Daughter Gift, Faith Gift, Mom Gift, Religious Gift, Sister Gift","2026-08-20T10:05:45-05:00","2026-08-20T09:55:33-05:00","2026-09-06T11:40:41-05:00","48","8","https://cdn.shopify.com/s/files/1/0792/5098/1063/files/8f8cbae7d7dc8a5bb8d1fd9af7a3d36dfe9b26d76e6c99b9b36c2f64aeb5f0ae.jpg?v=1787237735","36.90","151.90","TRUE","collections/all/products.json","DISCOVERED","DISCOVERED","","2026-09-06T23:41:32.4166246+07:00"
"12","jeminise.com","jeminise.com+christian-bedding-set-inspirational-bible-verse-comforte-design-03","8867139027143","","christian-bedding-set-inspirational-bible-verse-comforte-design-03","https://jeminise.com/products/christian-bedding-set-inspirational-bible-verse-comforte-design-03","https://jeminise.com/collections/all/products/christian-bedding-set-inspirational-bible-verse-comforte-design-03","","Christian Bedding Set – Inspirational Bible Verse Comforte - Design 03","Jeminise","Comforter Sets","amazon-import, amazon-parent-b0fjkvs1xp, Christian & Baptism Comforter, Christian Gift, Comforter Set, Daughter Comforter, Mom Comforter, Religious Gift, Sister Comforter","2026-08-20T10:05:46-05:00","2026-08-20T09:56:13-05:00","2026-09-06T11:40:41-05:00","48","7","https://cdn.shopify.com/s/files/1/0792/5098/1063/files/f92da9391db0dc6b3922463b3a830c7068091ba905b6f543f5ed21537c343ff7.jpg?v=1787237775","36.90","151.90","TRUE","collections/all/products.json","DISCOVERED","DISCOVERED","","2026-09-06T23:41:32.4166246+07:00"
"13","jeminise.com","jeminise.com+christian-bedding-set-inspirational-bible-verse-comforte-design-04","8867139322055","","christian-bedding-set-inspirational-bible-verse-comforte-design-04","https://jeminise.com/products/christian-bedding-set-inspirational-bible-verse-comforte-design-04","https://jeminise.com/collections/all/products/christian-bedding-set-inspirational-bible-verse-comforte-design-04","","Christian Bedding Set – Inspirational Bible Verse Comforte - Design 04","Jeminise","Comforter Sets","amazon-import, amazon-parent-b0fjkvs1xp, Christian & Baptism Comforter, Christian Gift, Comforter Set, Daughter Comforter, Faith Gift, Mom Comforter, Sister Comforter","2026-08-20T10:05:46-05:00","2026-08-20T09:56:31-05:00","2026-09-06T11:40:41-05:00","48","7","https://cdn.shopify.com/s/files/1/0792/5098/1063/files/14ca1683130f1520ade50aa0650701fd1150fe4d09f367ab221b63a53783709e.jpg?v=1787237794","36.90","151.90","TRUE","collections/all/products.json","DISCOVERED","DISCOVERED","","2026-09-06T23:41:32.4166246+07:00"
"14","jeminise.com","jeminise.com+christian-bedding-set-inspirational-bible-verse-comforte-design-05","8867139453127","","christian-bedding-set-inspirational-bible-verse-comforte-design-05","https://jeminise.com/products/christian-bedding-set-inspirational-bible-verse-comforte-design-05","https://jeminise.com/collections/all/products/christian-bedding-set-inspirational-bible-verse-comforte-design-05","","Christian Bedding Set – Inspirational Bible Verse Comforte - Design 05","Jeminise","Comforter Sets","amazon-import, amazon-parent-b0fjkvs1xp, Christian & Baptism Comforter, Christian Gift, Comforter Set, Daughter Comforter, Faith Gift, Mom Comforter, Religious Gift, Sister Comforter","2026-08-20T10:05:47-05:00","2026-08-20T09:56:39-05:00","2026-09-06T11:40:41-05:00","48","7","https://cdn.shopify.com/s/files/1/0792/5098/1063/files/8863051f9429c76751f57504cfec521d6b6841af138c38cf4dbf60905dcd8fd5.jpg?v=1787237801","36.90","151.90","TRUE","collections/all/products.json","DISCOVERED","DISCOVERED","","2026-09-06T23:41:32.4166246+07:00"
"15","jeminise.com","jeminise.com+christian-bedding-set-inspirational-bible-verse-comforte-design-06","8867139584199","","christian-bedding-set-inspirational-bible-verse-comforte-design-06","https://jeminise.com/products/christian-bedding-set-inspirational-bible-verse-comforte-design-06","https://jeminise.com/collections/all/products/christian-bedding-set-inspirational-bible-verse-comforte-design-06","","Christian Bedding Set – Inspirational Bible Verse Comforte - Design 06","Jeminise","Comforter Sets","amazon-import, amazon-parent-b0fjkvs1xp, Christian & Baptism Comforter, Comforter Set, Daughter Gift, Faith Gift, Mom Gift, Personalized Bedding, Sister Gift","2026-08-20T10:05:48-05:00","2026-08-20T09:56:44-05:00","2026-09-06T11:40:41-05:00","48","7","https://cdn.shopify.com/s/files/1/0792/5098/1063/files/7d1ce2040466699184d4d34be5a513af5f29c64a38cbd8b469c68ae7253f4630.jpg?v=1787237807","36.90","151.90","TRUE","collections/all/products.json","DISCOVERED","DISCOVERED","","2026-09-06T23:41:32.4166246+07:00"
"16","jeminise.com","jeminise.com+christian-bedding-set-inspirational-bible-verse-comforter","8867138437319","","christian-bedding-set-inspirational-bible-verse-comforter","https://jeminise.com/products/christian-bedding-set-inspirational-bible-verse-comforter","https://jeminise.com/collections/all/products/christian-bedding-set-inspirational-bible-verse-comforter","","Christian Bedding Set – Inspirational Bible Verse Comforter","Jeminise","Comforter Sets","amazon-import, amazon-parent-b0fjkvs1xp, Christian & Baptism Comforter, Christian Bedding, Comforter Set, Daughter Comforter, Faith Gift, Mom Comforter, Religious Gifts, Sister Comforter","2026-08-20T10:05:44-05:00","2026-08-20T09:55:14-05:00","2026-09-06T11:40:41-05:00","48","8","https://cdn.shopify.com/s/files/1/0792/5098/1063/files/08e481dcf1c9bf3e7363eb63d66874dc22230e7e462b0f7ac8407a6a55b4e8e2.jpg?v=1787237716","36.90","151.90","TRUE","collections/all/products.json","DISCOVERED","DISCOVERED","","2026-09-06T23:41:32.4166246+07:00"
"17","jeminise.com","jeminise.com+christmas-bedding-quilt-soft-microfiber-holiday-bedsprea-design-01","8867158065351","","christmas-bedding-quilt-soft-microfiber-holiday-bedsprea-design-01","https://jeminise.com/products/christmas-bedding-quilt-soft-microfiber-holiday-bedsprea-design-01","https://jeminise.com/collections/all/products/christmas-bedding-quilt-soft-microfiber-holiday-bedsprea-design-01","","Christmas Bedding Quilt – Soft Microfiber Holiday Bedsprea - Design 01","Jeminise","Quilt Sets","amazon-import, amazon-parent-b0fqvf9cr3, Christmas Gift, Christmas Quilt, Cozy Feel, Easy Care, Family Blanket, Quilt Set","2026-08-20T10:37:03-05:00","2026-08-20T10:22:22-05:00","2026-09-06T11:40:41-05:00","15","5","https://cdn.shopify.com/s/files/1/0792/5098/1063/files/98667aa304d1cce79ae2ca099f84c182034fb8adc27fbd823eb0c5c00bd2999d.jpg?v=1787239344","56.90","116.90","TRUE","collections/all/products.json","DISCOVERED","DISCOVERED","","2026-09-06T23:41:32.4166246+07:00"
"18","jeminise.com","jeminise.com+christmas-bedding-quilt-soft-microfiber-holiday-bedsprea-design-02","8867158130887","","christmas-bedding-quilt-soft-microfiber-holiday-bedsprea-design-02","https://jeminise.com/products/christmas-bedding-quilt-soft-microfiber-holiday-bedsprea-design-02","https://jeminise.com/collections/all/products/christmas-bedding-quilt-soft-microfiber-holiday-bedsprea-design-02","","Christmas Bedding Quilt – Soft Microfiber Holiday Bedsprea - Design 02","Jeminise","Quilt Sets","amazon-import, amazon-parent-b0fqvf9cr3, Christmas Gift, Christmas Quilt, Easy Care, Family Gift, Holiday Decor, Microfiber, Quilt Set","2026-08-20T10:37:03-05:00","2026-08-20T10:22:26-05:00","2026-09-06T11:40:41-05:00","15","5","https://cdn.shopify.com/s/files/1/0792/5098/1063/files/57a7ce08a0f83d12377baee8b7269bba25dd26fdd9c91110fbdc7c49acd6cd46.jpg?v=1787239348","56.90","116.90","TRUE","collections/all/products.json","DISCOVERED","DISCOVERED","","2026-09-06T23:41:32.4166246+07:00"
"19","jeminise.com","jeminise.com+christmas-bedding-quilt-soft-microfiber-holiday-bedsprea-design-03","8867158229191","","christmas-bedding-quilt-soft-microfiber-holiday-bedsprea-design-03","https://jeminise.com/products/christmas-bedding-quilt-soft-microfiber-holiday-bedsprea-design-03","https://jeminise.com/collections/all/products/christmas-bedding-quilt-soft-microfiber-holiday-bedsprea-design-03","","Christmas Bedding Quilt – Soft Microfiber Holiday Bedsprea - Design 03","Jeminise","Quilt Sets","amazon-import, amazon-parent-b0fqvf9cr3, Christmas Gift, Christmas Quilt, Family Blanket, Personalized Blanket, Quilt Set","2026-08-20T10:37:05-05:00","2026-08-20T10:22:40-05:00","2026-09-06T11:40:41-05:00","15","5","https://cdn.shopify.com/s/files/1/0792/5098/1063/files/bbbc5063a842a4025b83691360e26a0f48bd6b628bfe51d0f66000c5bde9160f.jpg?v=1787239363","56.90","116.90","TRUE","collections/all/products.json","DISCOVERED","DISCOVERED","","2026-09-06T23:41:32.4166246+07:00"
"20","jeminise.com","jeminise.com+christmas-bedding-quilt-soft-microfiber-holiday-bedsprea-design-04","8867158196423","","christmas-bedding-quilt-soft-microfiber-holiday-bedsprea-design-04","https://jeminise.com/products/christmas-bedding-quilt-soft-microfiber-holiday-bedsprea-design-04","https://jeminise.com/collections/all/products/christmas-bedding-quilt-soft-microfiber-holiday-bedsprea-design-04","","Christmas Bedding Quilt – Soft Microfiber Holiday Bedsprea - Design 04","Jeminise","Quilt Sets","amazon-import, amazon-parent-b0fqvf9cr3, Christmas Gift, Christmas Quilt, Cozy Quilt, Holiday Decor, Microfiber Quilt, Quilt Set","2026-08-20T10:37:04-05:00","2026-08-20T10:22:33-05:00","2026-09-06T11:40:41-05:00","15","5","https://cdn.shopify.com/s/files/1/0792/5098/1063/files/c995fe84801c09d910dc409c0566ec9afe487b8804ac002dd8b540abd448435d.jpg?v=1787239355","56.90","116.90","TRUE","collections/all/products.json","DISCOVERED","DISCOVERED","","2026-09-06T23:41:32.4166246+07:00"
"21","jeminise.com","jeminise.com+christmas-bedding-quilt-soft-microfiber-holiday-bedsprea-design-05","8867157835975","","christmas-bedding-quilt-soft-microfiber-holiday-bedsprea-design-05","https://jeminise.com/products/christmas-bedding-quilt-soft-microfiber-holiday-bedsprea-design-05","https://jeminise.com/collections/all/products/christmas-bedding-quilt-soft-microfiber-holiday-bedsprea-design-05","","Christmas Bedding Quilt – Soft Microfiber Holiday Bedsprea - Design 05","Jeminise","Quilt Sets","amazon-import, amazon-parent-b0fqvf9cr3, Christmas Gift, Christmas Quilt, Holiday Decor, Quilt Set","2026-08-20T10:37:00-05:00","2026-08-20T10:21:41-05:00","2026-09-06T11:40:41-05:00","15","5","https://cdn.shopify.com/s/files/1/0792/5098/1063/files/7db6811c66637965300a2e7b9c74cbf013694f223ecb0c00a52fba2970fa6e22.jpg?v=1787239304","56.90","116.90","TRUE","collections/all/products.json","DISCOVERED","DISCOVERED","","2026-09-06T23:41:32.4166246+07:00"
"22","jeminise.com","jeminise.com+christmas-bedding-quilt-soft-microfiber-holiday-bedsprea-design-06","8867157868743","","christmas-bedding-quilt-soft-microfiber-holiday-bedsprea-design-06","https://jeminise.com/products/christmas-bedding-quilt-soft-microfiber-holiday-bedsprea-design-06","https://jeminise.com/collections/all/products/christmas-bedding-quilt-soft-microfiber-holiday-bedsprea-design-06","","Christmas Bedding Quilt – Soft Microfiber Holiday Bedsprea - Design 06","Jeminise","Quilt Sets","amazon-import, amazon-parent-b0fqvf9cr3, Christmas Gift, Christmas Quilt, Cozy Feel, Easy Care, Family Blanket, Quilt Set","2026-08-20T10:37:01-05:00","2026-08-20T10:22:05-05:00","2026-09-06T11:40:41-05:00","15","5","https://cdn.shopify.com/s/files/1/0792/5098/1063/files/72e69cf5279e1503866df817e765ec4b9528ac9d374090ff6a383b64dc802f0f.jpg?v=1787239327","56.90","116.90","TRUE","collections/all/products.json","DISCOVERED","DISCOVERED","","2026-09-06T23:41:32.4166246+07:00"
"23","jeminise.com","jeminise.com+christmas-bedding-quilt-soft-microfiber-holiday-bedsprea-design-08","8867157999815","","christmas-bedding-quilt-soft-microfiber-holiday-bedsprea-design-08","https://jeminise.com/products/christmas-bedding-quilt-soft-microfiber-holiday-bedsprea-design-08","https://jeminise.com/collections/all/products/christmas-bedding-quilt-soft-microfiber-holiday-bedsprea-design-08","","Christmas Bedding Quilt – Soft Microfiber Holiday Bedsprea - Design 08","Jeminise","Quilt Sets","amazon-import, amazon-parent-b0fqvf9cr3, Christmas Gift, Christmas Quilt, Quilt Set","2026-08-20T10:37:02-05:00","2026-08-20T10:22:14-05:00","2026-09-06T11:40:41-05:00","15","5","https://cdn.shopify.com/s/files/1/0792/5098/1063/files/46ac5bc18554d3c8eef4fcfd803278c3caa3d66a0c5dad038cb8e03d55416938.jpg?v=1787239336","56.90","116.90","TRUE","collections/all/products.json","DISCOVERED","DISCOVERED","","2026-09-06T23:41:32.4166246+07:00"
"24","jeminise.com","jeminise.com+christmas-bedding-quilt-soft-microfiber-holiday-bedsprea-design-09","8867158393031","","christmas-bedding-quilt-soft-microfiber-holiday-bedsprea-design-09","https://jeminise.com/products/christmas-bedding-quilt-soft-microfiber-holiday-bedsprea-design-09","https://jeminise.com/collections/all/products/christmas-bedding-quilt-soft-microfiber-holiday-bedsprea-design-09","","Christmas Bedding Quilt – Soft Microfiber Holiday Bedsprea - Design 09","Jeminise","Quilt Sets","amazon-import, amazon-parent-b0fqvf9cr3, Christmas Blanket, Christmas Gift, Christmas Quilt, Family Gift, Quilt Set","2026-08-20T10:37:07-05:00","2026-08-20T10:22:57-05:00","2026-09-06T11:40:41-05:00","15","5","https://cdn.shopify.com/s/files/1/0792/5098/1063/files/d2bc26d7e0a1539757ff02234b818258378a4fed938876959c8d6c2a9252ab74.jpg?v=1787239380","56.90","116.90","TRUE","collections/all/products.json","DISCOVERED","DISCOVERED","","2026-09-06T23:41:32.4166246+07:00"
"25","jeminise.com","jeminise.com+christmas-bedding-quilt-soft-microfiber-holiday-bedsprea-design-10","8867157737671","","christmas-bedding-quilt-soft-microfiber-holiday-bedsprea-design-10","https://jeminise.com/products/christmas-bedding-quilt-soft-microfiber-holiday-bedsprea-design-10","https://jeminise.com/collections/all/products/christmas-bedding-quilt-soft-microfiber-holiday-bedsprea-design-10","","Christmas Bedding Quilt – Soft Microfiber Holiday Bedsprea - Design 10","Jeminise","Quilt Sets","amazon-import, amazon-parent-b0fqvf9cr3, Christmas Gift, Christmas Quilt, Cozy Comfort, Easy Care, Quilt Set, Seasonal Decor","2026-08-20T10:36:59-05:00","2026-08-20T10:21:30-05:00","2026-09-06T11:40:41-05:00","15","5","https://cdn.shopify.com/s/files/1/0792/5098/1063/files/c9012211f4a80fc29b04e6c36a6d06286d3bcd99481ba14bb0f48bbd8dc22628.jpg?v=1787239292","56.90","116.90","TRUE","collections/all/products.json","DISCOVERED","DISCOVERED","","2026-09-06T23:41:32.4166246+07:00"
"26","jeminise.com","jeminise.com+christmas-bedding-quilt-soft-microfiber-holiday-bedsprea-design-11","8867158261959","","christmas-bedding-quilt-soft-microfiber-holiday-bedsprea-design-11","https://jeminise.com/products/christmas-bedding-quilt-soft-microfiber-holiday-bedsprea-design-11","https://jeminise.com/collections/all/products/christmas-bedding-quilt-soft-microfiber-holiday-bedsprea-design-11","","Christmas Bedding Quilt – Soft Microfiber Holiday Bedsprea - Design 11","Jeminise","Quilt Sets","amazon-import, amazon-parent-b0fqvf9cr3, Christmas Blanket, Christmas Gift, Christmas Quilt, Quilt Set, Thoughtful Gift","2026-08-20T10:37:06-05:00","2026-08-20T10:22:46-05:00","2026-09-06T11:40:41-05:00","15","5","https://cdn.shopify.com/s/files/1/0792/5098/1063/files/cfd15964c5a578a0d72eca69fce5d3b6e69d208ab70ee89a4fecaa6fc490d6dc.jpg?v=1787239369","56.90","116.90","TRUE","collections/all/products.json","DISCOVERED","DISCOVERED","","2026-09-06T23:41:32.4166246+07:00"
"27","jeminise.com","jeminise.com+christmas-bedding-quilt-soft-microfiber-holiday-bedsprea-design-12","8867157803207","","christmas-bedding-quilt-soft-microfiber-holiday-bedsprea-design-12","https://jeminise.com/products/christmas-bedding-quilt-soft-microfiber-holiday-bedsprea-design-12","https://jeminise.com/collections/all/products/christmas-bedding-quilt-soft-microfiber-holiday-bedsprea-design-12","","Christmas Bedding Quilt – Soft Microfiber Holiday Bedsprea - Design 12","Jeminise","Quilt Sets","amazon-import, amazon-parent-b0fqvf9cr3, Christmas Blanket, Christmas Quilt, Cozy Quilt, Easy Care, Holiday Decor, Quilt Set, Seasonal Decor","2026-08-20T10:36:59-05:00","2026-08-20T10:21:37-05:00","2026-09-06T11:40:41-05:00","15","5","https://cdn.shopify.com/s/files/1/0792/5098/1063/files/76a7585bd4cd30b07b5040b9e886936f39bc38e39d68a0e9ad8c7762fc463cc2.jpg?v=1787239299","56.90","116.90","TRUE","collections/all/products.json","DISCOVERED","DISCOVERED","","2026-09-06T23:41:32.4166246+07:00"
"28","jeminise.com","jeminise.com+christmas-bedding-quilt-soft-microfiber-holiday-bedspread","8867157704903","","christmas-bedding-quilt-soft-microfiber-holiday-bedspread","https://jeminise.com/products/christmas-bedding-quilt-soft-microfiber-holiday-bedspread","https://jeminise.com/collections/all/products/christmas-bedding-quilt-soft-microfiber-holiday-bedspread","","Christmas Bedding Quilt – Soft Microfiber Holiday Bedspread","Jeminise","Quilt Sets","All Seasons Quilt, amazon-import, amazon-parent-b0fqvf9cr3, Christmas Gift, Christmas Quilt, Cozy Comfort, Easy Care, Holiday Decor, Microfiber Quilt, Quilt Set","2026-08-20T10:36:58-05:00","2026-08-20T10:21:24-05:00","2026-09-06T11:40:41-05:00","15","5","https://cdn.shopify.com/s/files/1/0792/5098/1063/files/46766faf8cb22969ec6d9243d29501302e7d75e6617406cd4d523e3d582c385e.jpg?v=1787239287","56.90","116.90","TRUE","collections/all/products.json","DISCOVERED","DISCOVERED","","2026-09-06T23:41:32.4166246+07:00"
"29","jeminise.com","jeminise.com+christmas-cardinal-on-branch-within-patchwork-winter-quilt-892d70543a-892d70543a","8834708111559","","christmas-cardinal-on-branch-within-patchwork-winter-quilt-892d70543a-892d70543a","https://jeminise.com/products/christmas-cardinal-on-branch-within-patchwork-winter-quilt-892d70543a-892d70543a","https://jeminise.com/collections/all/products/christmas-cardinal-on-branch-within-patchwork-winter-quilt-892d70543a-892d70543a","","Christmas Cardinal on Branch Within Patchwork Winter Quilt","Jeminise","Quilt","amazon-import, amazon-parent-b0djpc8jwx, Christmas Quilt, Custom Quilt, Personalized Blanket, Quilt Set, Wildlife Quilt","2026-07-26T17:08:19-05:00","2026-07-26T15:47:55-05:00","2026-09-06T11:40:41-05:00","15","5","https://cdn.shopify.com/s/files/1/0792/5098/1063/files/bf28c41377cdb7a1ead58c1b8bf6522ea073b8840f5304f63418bda5d7a7b388.jpg?v=1785098877","51.90","126.90","TRUE","collections/all/products.json","DISCOVERED","DISCOVERED","","2026-09-06T23:41:32.4166246+07:00"
"30","jeminise.com","jeminise.com+christmas-cardinal-perched-on-branch-within-wreath-patchwork-winter-quilt-9e7c0b5896-9e7c0b5896","8834727805127","","christmas-cardinal-perched-on-branch-within-wreath-patchwork-winter-quilt-9e7c0b5896-9e7c0b5896","https://jeminise.com/products/christmas-cardinal-perched-on-branch-within-wreath-patchwork-winter-quilt-9e7c0b5896-9e7c0b5896","https://jeminise.com/collections/all/products/christmas-cardinal-perched-on-branch-within-wreath-patchwork-winter-quilt-9e7c0b5896-9e7c0b5896","","Christmas Cardinal Perched on Branch Within Wreath Patchwork Winter Quilt","Jeminise","Quilt","amazon-import, amazon-parent-b0djpc8jwx, Christmas Quilt, Custom Blanket, Personalized Blanket, Quilt Set, Wildlife Quilt","2026-07-26T17:08:24-05:00","2026-07-26T15:57:35-05:00","2026-09-06T11:40:41-05:00","15","5","https://cdn.shopify.com/s/files/1/0792/5098/1063/files/7f0f7c972b51dc5c33f101a4d3a2b691df2bbeddf273a1476dd88ac51d509beb.jpg?v=1785099457","51.90","126.90","TRUE","collections/all/products.json","DISCOVERED","DISCOVERED","","2026-09-06T23:41:32.4166246+07:00"
"31","jeminise.com","jeminise.com+christmas-cardinals-near-snowy-birdhouse-patchwork-floral-quilt-b90d55a935-b90d55a935","8834720170183","","christmas-cardinals-near-snowy-birdhouse-patchwork-floral-quilt-b90d55a935-b90d55a935","https://jeminise.com/products/christmas-cardinals-near-snowy-birdhouse-patchwork-floral-quilt-b90d55a935-b90d55a935","https://jeminise.com/collections/all/products/christmas-cardinals-near-snowy-birdhouse-patchwork-floral-quilt-b90d55a935-b90d55a935","","Christmas Cardinals Near Snowy Birdhouse Patchwork Floral Quilt","Jeminise","Quilt","amazon-import, amazon-parent-b0djpc8jwx, Christmas Quilt, Custom Quilt, Personalized Blanket, Quilt Set, Wildlife Quilt","2026-07-26T17:08:22-05:00","2026-07-26T15:54:16-05:00","2026-09-06T11:40:41-05:00","15","7","https://cdn.shopify.com/s/files/1/0792/5098/1063/files/cefa39b8e586dae0db27829a045f8d696721e4c0e044144b214323829fbee46b.jpg?v=1785099259","51.90","126.90","TRUE","collections/all/products.json","DISCOVERED","DISCOVERED","","2026-09-06T23:41:32.4166246+07:00"
"32","jeminise.com","jeminise.com+christmas-cardinals-on-snowy-branches-patchwork-winter-quilt-8fa1a9e2ed-8fa1a9e2ed","8834709323975","","christmas-cardinals-on-snowy-branches-patchwork-winter-quilt-8fa1a9e2ed-8fa1a9e2ed","https://jeminise.com/products/christmas-cardinals-on-snowy-branches-patchwork-winter-quilt-8fa1a9e2ed-8fa1a9e2ed","https://jeminise.com/collections/all/products/christmas-cardinals-on-snowy-branches-patchwork-winter-quilt-8fa1a9e2ed-8fa1a9e2ed","","Christmas Cardinals on Snowy Branches Patchwork Winter Quilt","Jeminise","Quilt","amazon-import, amazon-parent-b0djpc8jwx, Christmas Quilt, Custom Blanket, Personalized Blanket, Quilt Set, Wildlife Quilt","2026-07-26T17:08:20-05:00","2026-07-26T15:49:20-05:00","2026-09-06T11:40:41-05:00","15","5","https://cdn.shopify.com/s/files/1/0792/5098/1063/files/dac06806abe736aaddf0257ef47ee3581ffb682f1ee70078a493eb9381b34f9f.jpg?v=1785098963","51.90","126.90","TRUE","collections/all/products.json","DISCOVERED","DISCOVERED","","2026-09-06T23:41:32.4166246+07:00"
"33","jeminise.com","jeminise.com+cow-with-landscape-patchwork-quilt-animal-farmhouse-printed-quilt-set","8867095806151","","cow-with-landscape-patchwork-quilt-animal-farmhouse-printed-quilt-set","https://jeminise.com/products/cow-with-landscape-patchwork-quilt-animal-farmhouse-printed-quilt-set","https://jeminise.com/collections/all/products/cow-with-landscape-patchwork-quilt-animal-farmhouse-printed-quilt-set","","Cow with Landscape Patchwork Quilt, Animal Farmhouse Printed Quilt Set","Jeminise","Quilt Sets","amazon-import, amazon-parent-b0dr8q4jxb, Animal Quilt, Christmas Quilt, Cow Blanket, Dad Gift, Farmhouse Quilt, Mom Gift, Personalized Quilt, Quilt Set","2026-08-20T09:04:08-05:00","2026-08-20T08:48:53-05:00","2026-09-06T11:40:41-05:00","20","7","https://cdn.shopify.com/s/files/1/0792/5098/1063/files/c125a162b81ac7a0917f20a9f0ef6de99ea1d1287c4b81750b47673eae384743.jpg?v=1787233735","54.90","124.90","TRUE","collections/all/products.json","DISCOVERED","DISCOVERED","","2026-09-06T23:41:32.4166246+07:00"
"34","jeminise.com","jeminise.com+crocodile-patchwork-printed-quilts-animal-patchwork-bedding","8867095445703","","crocodile-patchwork-printed-quilts-animal-patchwork-bedding","https://jeminise.com/products/crocodile-patchwork-printed-quilts-animal-patchwork-bedding","https://jeminise.com/collections/all/products/crocodile-patchwork-printed-quilts-animal-patchwork-bedding","","Crocodile Patchwork Printed Quilts, Animal Patchwork Bedding","Jeminise","Quilt Sets","amazon-import, amazon-parent-b0dr8q4jxb, Christmas Quilt, Custom Blanket, Dad Gift, Family Blanket, Mom Gift, Personalized Blanket, Quilt Set","2026-08-20T09:04:07-05:00","2026-08-20T08:48:30-05:00","2026-09-06T11:40:41-05:00","20","7","https://cdn.shopify.com/s/files/1/0792/5098/1063/files/3c7bf8f759fde9a601188dc9ea3bfb0f79f2706824b7f370fe34e30020f2a202.jpg?v=1787233713","54.90","124.90","TRUE","collections/all/products.json","DISCOVERED","DISCOVERED","","2026-09-06T23:41:32.4166246+07:00"
"35","jeminise.com","jeminise.com+custom-retro-football-art-bedding-set-c66211cf75-c66211cf75","8834768699591","","custom-retro-football-art-bedding-set-c66211cf75-c66211cf75","https://jeminise.com/products/custom-retro-football-art-bedding-set-c66211cf75-c66211cf75","https://jeminise.com/collections/all/products/custom-retro-football-art-bedding-set-c66211cf75-c66211cf75","","Custom American Football Close Up on Flag Comforter","Jeminise","Comforter","amazon-import, amazon-parent-b0drycbrpp, Boys Gift, Comforter Set, Custom Comforter, Personalized Bedding, Sports Comforter","2026-07-26T17:08:38-05:00","2026-07-26T16:38:42-05:00","2026-09-06T11:40:41-05:00","48","6","https://cdn.shopify.com/s/files/1/0792/5098/1063/files/cd93064cff49abd094a4b54d4c8521f964011ef3177c132c9e7664b7ae385495.jpg?v=1785101924","36.90","151.90","TRUE","collections/all/products.json","DISCOVERED","DISCOVERED","","2026-09-06T23:41:32.4166246+07:00"
"36","jeminise.com","jeminise.com+custom-american-football-close-up-on-grunge-vintage-comforter-26540e3264-26540e3264","8834754445511","","custom-american-football-close-up-on-grunge-vintage-comforter-26540e3264-26540e3264","https://jeminise.com/products/custom-american-football-close-up-on-grunge-vintage-comforter-26540e3264-26540e3264","https://jeminise.com/collections/all/products/custom-american-football-close-up-on-grunge-vintage-comforter-26540e3264-26540e3264","","Custom American Football Close Up on Grunge Vintage Comforter","Jeminise","Comforter","amazon-import, amazon-parent-b0drycbrpp, Comforter Set, Custom Blanket, Personalized Blanket, Sports Comforter","2026-07-26T17:08:29-05:00","2026-07-26T16:14:32-05:00","2026-09-06T11:40:41-05:00","48","6","https://cdn.shopify.com/s/files/1/0792/5098/1063/files/11f76d2e307e1c50766e2c6b95e8a9272e0546226ca0a5996ceecb7ad1d1e36b.jpg?v=1785100474","36.90","151.90","TRUE","collections/all/products.json","DISCOVERED","DISCOVERED","","2026-09-06T23:41:32.4166246+07:00"
"37","jeminise.com","jeminise.com+custom-american-football-on-cosmic-background-vintage-comforter-62a3849621-62a3849621","8834752676039","","custom-american-football-on-cosmic-background-vintage-comforter-62a3849621-62a3849621","https://jeminise.com/products/custom-american-football-on-cosmic-background-vintage-comforter-62a3849621-62a3849621","https://jeminise.com/collections/all/products/custom-american-football-on-cosmic-background-vintage-comforter-62a3849621-62a3849621","","Custom American Football on Cosmic Background Vintage Comforter","Jeminise","Comforter","amazon-import, amazon-parent-b0drycbrpp, Comforter Set, Custom Blanket, Personalized Blanket, Sports Bedding, Sports Comforter","2026-07-26T17:08:28-05:00","2026-07-26T16:11:33-05:00","2026-09-06T11:40:41-05:00","48","6","https://cdn.shopify.com/s/files/1/0792/5098/1063/files/b38409cca05f668cdad57ab52d40b4b00fb8c161ab5af391eaf7a4ce3b8892f2.jpg?v=1785100295","36.90","151.90","TRUE","collections/all/products.json","DISCOVERED","DISCOVERED","","2026-09-06T23:41:32.4166246+07:00"
"38","jeminise.com","jeminise.com+custom-american-football-on-usa-flag-background-comforter-703a7c0d82-703a7c0d82","8834767421639","","custom-american-football-on-usa-flag-background-comforter-703a7c0d82-703a7c0d82","https://jeminise.com/products/custom-american-football-on-usa-flag-background-comforter-703a7c0d82-703a7c0d82","https://jeminise.com/collections/all/products/custom-american-football-on-usa-flag-background-comforter-703a7c0d82-703a7c0d82","","Custom American Football on Usa Flag Background Comforter","Jeminise","Comforter","amazon-import, amazon-parent-b0drycbrpp, Comforter Set, Custom Blanket, Kids Bedding, Personalized Blanket, Sports Comforter, Sports Gifts","2026-07-26T17:08:37-05:00","2026-07-26T16:36:08-05:00","2026-09-06T11:40:41-05:00","48","6","https://cdn.shopify.com/s/files/1/0792/5098/1063/files/e5722218140b0bda49ea2f5691bd969b1bc3066cad7c3a0bb0771d1509e66d50.jpg?v=1785101771","36.90","151.90","TRUE","collections/all/products.json","DISCOVERED","DISCOVERED","","2026-09-06T23:41:32.4166246+07:00"
"39","jeminise.com","jeminise.com+custom-american-football-with-paint-splash-background-vintage-comforter-da0e1d5bf1-da0e1d5bf1","8834773319879","","custom-american-football-with-paint-splash-background-vintage-comforter-da0e1d5bf1-da0e1d5bf1","https://jeminise.com/products/custom-american-football-with-paint-splash-background-vintage-comforter-da0e1d5bf1-da0e1d5bf1","https://jeminise.com/collections/all/products/custom-american-football-with-paint-splash-background-vintage-comforter-da0e1d5bf1-da0e1d5bf1","","Custom American Football with Paint Splash Background Vintage Comforter","Jeminise","Comforter","amazon-import, amazon-parent-b0drycbrpp, Comforter Set, Custom Blanket, Personalized Blanket, Sports Comforter","2026-07-26T17:08:41-05:00","2026-07-26T16:45:10-05:00","2026-09-06T11:40:41-05:00","48","6","https://cdn.shopify.com/s/files/1/0792/5098/1063/files/f9e8536c20f2dc19107c6fd69a43535c4bb88bac4323fd1ee6ac49a2601099d3.jpg?v=1785102312","36.90","151.90","TRUE","collections/all/products.json","DISCOVERED","DISCOVERED","","2026-09-06T23:41:32.4166246+07:00"
"40","jeminise.com","jeminise.com+custom-american-football-with-patriotic-flag-comforter-4a3a1ed3c9-4a3a1ed3c9","8834768011463","","custom-american-football-with-patriotic-flag-comforter-4a3a1ed3c9-4a3a1ed3c9","https://jeminise.com/products/custom-american-football-with-patriotic-flag-comforter-4a3a1ed3c9-4a3a1ed3c9","https://jeminise.com/collections/all/products/custom-american-football-with-patriotic-flag-comforter-4a3a1ed3c9-4a3a1ed3c9","","Custom American Football with Patriotic Flag Comforter","Jeminise","Comforter","amazon-import, amazon-parent-b0drycbrpp, Comforter Set, Custom Blanket, Personalized Blanket, Sports Comforter","2026-07-26T17:08:37-05:00","2026-07-26T16:37:18-05:00","2026-09-06T11:40:41-05:00","48","6","https://cdn.shopify.com/s/files/1/0792/5098/1063/files/a6aedfb7f9b81449b401a91a0409992efbba09d035e85d8e5cc7da9802dc0589.jpg?v=1785101840","36.90","151.90","TRUE","collections/all/products.json","DISCOVERED","DISCOVERED","","2026-09-06T23:41:32.4166246+07:00"
"41","jeminise.com","jeminise.com+custom-american-sports-football-player-running-with-ball-comforter-891aa5a660-891aa5a660","8834755821767","","custom-american-sports-football-player-running-with-ball-comforter-891aa5a660-891aa5a660","https://jeminise.com/products/custom-american-sports-football-player-running-with-ball-comforter-891aa5a660-891aa5a660","https://jeminise.com/collections/all/products/custom-american-sports-football-player-running-with-ball-comforter-891aa5a660-891aa5a660","","Custom American Sports Football Player Running with Ball Comforter","Jeminise","Comforter","amazon-import, amazon-parent-b0drycbrpp, Boys Gift, Comforter Set, Custom Blanket, Personalized Blanket, Sports Blanket, Sports Comforter","2026-07-26T17:08:30-05:00","2026-07-26T16:17:29-05:00","2026-09-06T11:40:41-05:00","48","6","https://cdn.shopify.com/s/files/1/0792/5098/1063/files/9235409950f5f87cdd7448cbf5ac7a4f4dbaf6159fc81f9ca4893048f571d49a.jpg?v=1785100651","36.90","151.90","TRUE","collections/all/products.json","DISCOVERED","DISCOVERED","","2026-09-06T23:41:32.4166246+07:00"
"42","jeminise.com","jeminise.com+custom-basketball-players-blanket-name-number-76fdad09b6-76fdad09b6","8834346778823","","custom-basketball-players-blanket-name-number-76fdad09b6-76fdad09b6","https://jeminise.com/products/custom-basketball-players-blanket-name-number-76fdad09b6-76fdad09b6","https://jeminise.com/collections/all/products/custom-basketball-players-blanket-name-number-76fdad09b6-76fdad09b6","","Custom Basketball Players Blanket with Name and Number","Jeminise","Blanket","amazon-import, amazon-parent-b0bty8y9v2, Blanket, Custom Blanket, Fleece Blanket, Personalized Blanket, Sherpa Blanket, Sports Blankets","2026-07-26T13:50:51-05:00","2026-07-26T13:28:58-05:00","2026-09-06T11:40:41-05:00","8","8","https://cdn.shopify.com/s/files/1/0792/5098/1063/files/6c2b7a18ab88cd4dc34c692087680fae7e33609b7762bcbb4b65241bddb4c683.jpg?v=1785090540","24.90","69.90","TRUE","collections/all/products.json","DISCOVERED","DISCOVERED","","2026-09-06T23:41:32.4166246+07:00"
"43","jeminise.com","jeminise.com+custom-bible-verse-photo-blanket-personalized-christian-gift-for-her","8859763507399","","custom-bible-verse-photo-blanket-personalized-christian-gift-for-her","https://jeminise.com/products/custom-bible-verse-photo-blanket-personalized-christian-gift-for-her","https://jeminise.com/collections/all/products/custom-bible-verse-photo-blanket-personalized-christian-gift-for-her","","Custom Bible Verse Photo Blanket – Personalized Christian Gift for Her","Jeminise","Blanket","All Seasons, amazon-import, amazon-parent-b0dj2zng8s, Blanket, Christian & Baptism Blankets, Christian Gift, Custom Blanket, Inspirational Gift, Personalized Blanket","2026-08-12T16:49:19-05:00","2026-08-12T16:47:09-05:00","2026-09-06T11:40:41-05:00","16","7","https://cdn.shopify.com/s/files/1/0792/5098/1063/files/96f0a2befa124f14fe17c41828df61ccbf8614b1075a2b471347b5b1e2d17c9c.jpg?v=1786571231","24.90","89.85","TRUE","collections/all/products.json","DISCOVERED","DISCOVERED","","2026-09-06T23:41:32.4166246+07:00"
"44","jeminise.com","jeminise.com+custom-cardinals-on-flowering-branches-quilt-47d5316f3d-47d5316f3d","8834723807431","","custom-cardinals-on-flowering-branches-quilt-47d5316f3d-47d5316f3d","https://jeminise.com/products/custom-cardinals-on-flowering-branches-quilt-47d5316f3d-47d5316f3d","https://jeminise.com/collections/all/products/custom-cardinals-on-flowering-branches-quilt-47d5316f3d-47d5316f3d","","Custom Cardinals on Flowering Branches Quilt with Name","Jeminise","Quilt","amazon-import, amazon-parent-b0djpc8jwx, Christmas Quilt, Custom Blanket, Family Blanket, Personalized Blanket, Quilt Set, Wildlife Quilt","2026-07-26T17:08:23-05:00","2026-07-26T15:55:55-05:00","2026-09-06T11:40:41-05:00","15","5","https://cdn.shopify.com/s/files/1/0792/5098/1063/files/9575f77a09e36399cd5f068645bc87d6039e51fdff8c055143a7aa9670d749a7.jpg?v=1785099357","51.90","126.90","TRUE","collections/all/products.json","DISCOVERED","DISCOVERED","","2026-09-06T23:41:32.4166246+07:00"
"45","jeminise.com","jeminise.com+custom-tree-of-life-quilt-set-yggdrasil-bedding-019f2b38a4-019f2b38a4","8833353515207","","custom-tree-of-life-quilt-set-yggdrasil-bedding-019f2b38a4-019f2b38a4","https://jeminise.com/products/custom-tree-of-life-quilt-set-yggdrasil-bedding-019f2b38a4-019f2b38a4","https://jeminise.com/collections/all/products/custom-tree-of-life-quilt-set-yggdrasil-bedding-019f2b38a4-019f2b38a4","","Custom Celtic Tree of Life Quilt Set with Colorful Mosaic Sunburst","Jeminise","Quilt Sets","amazon-import, amazon-parent-b0dnsvy2qj, Family Blanket, Floral Quilt, Personalized Blanket, Quilt Set, Tree of Life Quilt, Wildlife Quilt","2026-07-26T01:44:20-05:00","2026-07-26T01:32:34-05:00","2026-09-06T11:40:41-05:00","15","7","https://cdn.shopify.com/s/files/1/0792/5098/1063/files/cbd5bec77037adf2205dbf25184e33c4da62c7d9bcfcf65c48f951530c949183.jpg?v=1785047557","51.90","126.90","TRUE","collections/all/products.json","DISCOVERED","DISCOVERED","","2026-09-06T23:41:32.4166246+07:00"
"46","jeminise.com","jeminise.com+custom-tree-of-life-quilt-set-yggdrasil-celtic-patterns-908827b1df-908827b1df","8833348534471","","custom-tree-of-life-quilt-set-yggdrasil-celtic-patterns-908827b1df-908827b1df","https://jeminise.com/products/custom-tree-of-life-quilt-set-yggdrasil-celtic-patterns-908827b1df-908827b1df","https://jeminise.com/collections/all/products/custom-tree-of-life-quilt-set-yggdrasil-celtic-patterns-908827b1df-908827b1df","","Custom Celtic Tree of Life Quilt Set with Fantasy Central Eye Artwork","Jeminise","Quilt Sets","amazon-import, amazon-parent-b0dnsvy2qj, Custom Blanket, Fantasy Blankets, Personalized Blanket, Quilt Set, Tree of Life Quilt","2026-07-26T01:44:20-05:00","2026-07-26T01:27:42-05:00","2026-09-06T11:40:41-05:00","15","7","https://cdn.shopify.com/s/files/1/0792/5098/1063/files/ce9616f3d6428a4fee0ac30bc9089af78cb0c804e3542ab8b82c6e275e44020d.jpg?v=1785047264","51.90","126.90","TRUE","collections/all/products.json","DISCOVERED","DISCOVERED","","2026-09-06T23:41:32.4166246+07:00"
"47","jeminise.com","jeminise.com+custom-tree-of-life-quilt-set-yggdrasil-bedding-5048da8f29-5048da8f29","8833351942343","","custom-tree-of-life-quilt-set-yggdrasil-bedding-5048da8f29-5048da8f29","https://jeminise.com/products/custom-tree-of-life-quilt-set-yggdrasil-bedding-5048da8f29-5048da8f29","https://jeminise.com/collections/all/products/custom-tree-of-life-quilt-set-yggdrasil-bedding-5048da8f29-5048da8f29","","Custom Celtic Tree of Life Quilt Set with Intertwined Roots Design","Jeminise","Quilt Sets","amazon-import, amazon-parent-b0dnsvy2qj, Custom Blanket, Family Blanket, Personalized Blanket, Quilt Set, Tree of Life Quilt","2026-07-26T01:44:21-05:00","2026-07-26T01:31:14-05:00","2026-09-06T11:40:41-05:00","15","7","https://cdn.shopify.com/s/files/1/0792/5098/1063/files/8eae218010f8b5ffed66786a7651624283523e9769645b4a4bbf1b2d94796559.jpg?v=1785047476","51.90","126.90","TRUE","collections/all/products.json","DISCOVERED","DISCOVERED","","2026-09-06T23:41:32.4166246+07:00"
"48","jeminise.com","jeminise.com+custom-christian-faith-semi-truck-in-front-of-large-comforter-057143b1f8-057143b1f8","8835552805063","","custom-christian-faith-semi-truck-in-front-of-large-comforter-057143b1f8-057143b1f8","https://jeminise.com/products/custom-christian-faith-semi-truck-in-front-of-large-comforter-057143b1f8-057143b1f8","https://jeminise.com/collections/all/products/custom-christian-faith-semi-truck-in-front-of-large-comforter-057143b1f8-057143b1f8","","Custom Christian Faith Semi Truck in Front of Large Comforter","Jeminise","Comforter","amazon-import, amazon-parent-b0ds43sc11, Christian & Baptism Comforter, Comforter Set, Custom Blanket, Personalized Blanket","2026-07-27T01:41:43-05:00","2026-07-27T01:10:01-05:00","2026-09-06T11:40:41-05:00","48","7","https://cdn.shopify.com/s/files/1/0792/5098/1063/files/6e9319b8ab8b2d2e568c6c292bfe25074a0b5fa69fe919cb307e508230e4c01a.jpg?v=1785132603","36.90","151.90","TRUE","collections/all/products.json","DISCOVERED","DISCOVERED","","2026-09-06T23:41:32.4166246+07:00"
"49","jeminise.com","jeminise.com+custom-christian-girl-bible-emergency-numbers-blanket-d12","8860136964295","","custom-christian-girl-bible-emergency-numbers-blanket-d12","https://jeminise.com/products/custom-christian-girl-bible-emergency-numbers-blanket-d12","https://jeminise.com/collections/all/products/custom-christian-girl-bible-emergency-numbers-blanket-d12","","Custom Christian girl Bible emergency numbers Blanket - D12","Jeminise","Blanket","amazon-import, amazon-parent-b0g5ppbxw5, Blanket, Christian & Baptism Blankets, Christian & Baptism Comforter, Christmas Blankets, Daughter Blanket, Grandma Blanket, Mom Blanket, Personalized Blanket","2026-08-13T00:06:08-05:00","2026-08-12T23:56:02-05:00","2026-09-06T11:40:41-05:00","8","9","https://cdn.shopify.com/s/files/1/0792/5098/1063/files/b256b9200584c35cb542d9f0f89fc39d01989a03be1af664dce9420ebc84591d.jpg?v=1786596964","26.90","76.90","TRUE","collections/all/products.json","DISCOVERED","DISCOVERED","","2026-09-06T23:41:32.4166246+07:00"
"50","jeminise.com","jeminise.com+custom-christian-inspirational-sophia-blanket-machine-washable-d11","8860099707079","","custom-christian-inspirational-sophia-blanket-machine-washable-d11","https://jeminise.com/products/custom-christian-inspirational-sophia-blanket-machine-washable-d11","https://jeminise.com/collections/all/products/custom-christian-inspirational-sophia-blanket-machine-washable-d11","","Custom Christian Inspirational Sophia Blanket, Machine Washable - D11","Jeminise","Blanket","amazon-import, amazon-parent-b0g5ppbxw5, Blanket, Christian & Baptism Blankets, Christian & Baptism Comforter, Daughter Blanket, Grandma Blanket, Mom Blanket, Personalized Blanket, Religious Theme","2026-08-13T00:05:59-05:00","2026-08-12T23:46:18-05:00","2026-09-06T11:40:41-05:00","8","9","https://cdn.shopify.com/s/files/1/0792/5098/1063/files/64645971a4bbefd9dd18e9af52e87c04a6682f6a06adfa46b06f5e449480de9f.jpg?v=1786596381","26.90","71.90","TRUE","collections/all/products.json","DISCOVERED","DISCOVERED","","2026-09-06T23:41:32.4166246+07:00"
"51","jeminise.com","jeminise.com+custom-christian-scripture-floral-blanket-machine-washable-d10","8860136046791","","custom-christian-scripture-floral-blanket-machine-washable-d10","https://jeminise.com/products/custom-christian-scripture-floral-blanket-machine-washable-d10","https://jeminise.com/collections/all/products/custom-christian-scripture-floral-blanket-machine-washable-d10","","Custom Christian scripture floral Blanket, Machine Washable - D10","Jeminise","Blanket","amazon-import, amazon-parent-b0g5ppbxw5, Blanket, Christian & Baptism Blankets, Daughter Blanket, Grandma Blanket, Mom Blanket, Personalized Blanket, Religious Gift","2026-08-13T00:06:07-05:00","2026-08-12T23:55:42-05:00","2026-09-06T11:40:41-05:00","8","7","https://cdn.shopify.com/s/files/1/0792/5098/1063/files/14dd0c0f30fcfd28e1f8975ca547107bf2f18cd4e870a1c4dd402fb77fa109ae.jpg?v=1786596944","26.90","76.90","TRUE","collections/all/products.json","DISCOVERED","DISCOVERED","","2026-09-06T23:41:32.4166246+07:00"
"52","jeminise.com","jeminise.com+custom-emily-god-says-i-am-blanket-machine-washable-d9","8860093972679","","custom-emily-god-says-i-am-blanket-machine-washable-d9","https://jeminise.com/products/custom-emily-god-says-i-am-blanket-machine-washable-d9","https://jeminise.com/collections/all/products/custom-emily-god-says-i-am-blanket-machine-washable-d9","","Custom Emily God Says I Am Blanket, Machine Washable - D9","Jeminise","Blanket","amazon-import, amazon-parent-b0g5ppbxw5, Blanket, Christian & Baptism Blankets, Christian & Baptism Comforter, Daughter Blanket, Grandma Blanket, Mom Blanket, Personalized Blanket","2026-08-13T00:05:55-05:00","2026-08-12T23:45:01-05:00","2026-09-06T11:40:41-05:00","8","8","https://cdn.shopify.com/s/files/1/0792/5098/1063/files/ea1a859cc89e6d530481c10b14251d51f07bca99c1557d81d7238b2950f73318.jpg?v=1786596303","26.90","76.90","TRUE","collections/all/products.json","DISCOVERED","DISCOVERED","","2026-09-06T23:41:32.4166246+07:00"
"53","jeminise.com","jeminise.com+custom-exploding-soccer-ball-comforter-set-machine-washable-a10","8860497477831","","custom-exploding-soccer-ball-comforter-set-machine-washable-a10","https://jeminise.com/products/custom-exploding-soccer-ball-comforter-set-machine-washable-a10","https://jeminise.com/collections/all/products/custom-exploding-soccer-ball-comforter-set-machine-washable-a10","","Custom Exploding Soccer Ball Comforter Set, Machine Washable - A10","Jeminise","Comforter Sets","amazon-import, amazon-parent-b0d4zcfbwm, Comforter Set, Custom Blanket, Personalized Blanket, Soccer, Sports Comforter","2026-08-13T03:57:07-05:00","2026-08-13T03:49:03-05:00","2026-09-06T11:40:41-05:00","48","8","https://cdn.shopify.com/s/files/1/0792/5098/1063/files/25da0fbc3913b96e24dfa3f4379e828b035ada4a02f246ec000a760815423dad.jpg?v=1786610945","41.90","156.90","TRUE","collections/all/products.json","DISCOVERED","DISCOVERED","","2026-09-06T23:41:32.4166246+07:00"
"54","jeminise.com","jeminise.com+custom-fiery-soccer-ball-custom-name-comforter-set-machin-design-5","8860499247303","","custom-fiery-soccer-ball-custom-name-comforter-set-machin-design-5","https://jeminise.com/products/custom-fiery-soccer-ball-custom-name-comforter-set-machin-design-5","https://jeminise.com/collections/all/products/custom-fiery-soccer-ball-custom-name-comforter-set-machin-design-5","","Custom Fiery Soccer Ball, Custom Name Comforter Set, Machin - Design 5","Jeminise","Comforter Sets","amazon-import, amazon-parent-b0d4zcfbwm, Boys Room Decor, Comforter Set, Custom Comforter, Kids Bedding, Personalized Comforter, Soccer Comforter, Sports Comforter","2026-08-13T03:57:17-05:00","2026-08-13T03:50:48-05:00","2026-09-06T11:40:41-05:00","48","7","https://cdn.shopify.com/s/files/1/0792/5098/1063/files/aeb1f1bd9597eeeb3493ff3a126b43bf0243adc8c650c453d23f5bbb65329de7.jpg?v=1786611050","41.90","156.90","TRUE","collections/all/products.json","DISCOVERED","DISCOVERED","","2026-09-06T23:41:32.4166246+07:00"
"55","jeminise.com","jeminise.com+custom-flaming-soccer-ball-with-custom-name-comforter-set-a12","8860498493639","","custom-flaming-soccer-ball-with-custom-name-comforter-set-a12","https://jeminise.com/products/custom-flaming-soccer-ball-with-custom-name-comforter-set-a12","https://jeminise.com/collections/all/products/custom-flaming-soccer-ball-with-custom-name-comforter-set-a12","","Custom Flaming Soccer Ball with Custom Name Comforter Set - A12","Jeminise","Comforter Sets","amazon-import, amazon-parent-b0d4zcfbwm, Comforter Set, Custom Blanket, Personalized Blanket, Soccer, Sports Comforter","2026-08-13T03:57:13-05:00","2026-08-13T03:50:04-05:00","2026-09-06T11:40:41-05:00","48","8","https://cdn.shopify.com/s/files/1/0792/5098/1063/files/6d780fd2bd1485daf0f8dd70e68878d90adefc90340848da9af8ecf4a3230a83.jpg?v=1786611006","41.90","156.90","TRUE","collections/all/products.json","DISCOVERED","DISCOVERED","","2026-09-06T23:41:32.4166246+07:00"
"56","jeminise.com","jeminise.com+custom-flaming-soccer-ball-with-name-comforter-set-machine-washable","8860497838279","","custom-flaming-soccer-ball-with-name-comforter-set-machine-washable","https://jeminise.com/products/custom-flaming-soccer-ball-with-name-comforter-set-machine-washable","https://jeminise.com/collections/all/products/custom-flaming-soccer-ball-with-name-comforter-set-machine-washable","","Custom Flaming Soccer Ball with Name Comforter Set, Machine Washable","Jeminise","Comforter Sets","amazon-import, amazon-parent-b0d4zcfbwm, Boys Room Decor, Comforter Set, Custom Blanket, Personalized Blanket, Soccer Bedding, Soccer Fan, Sports Comforter","2026-08-13T03:57:10-05:00","2026-08-13T03:49:25-05:00","2026-09-06T11:40:41-05:00","48","8","https://cdn.shopify.com/s/files/1/0792/5098/1063/files/f841a76d7426fae3bb23d0a8a59fe3fcadc00e404912a6b93baa3f5a7b3a6d2d.jpg?v=1786610967","41.90","156.90","TRUE","collections/all/products.json","DISCOVERED","DISCOVERED","","2026-09-06T23:41:32.4166246+07:00"
"57","jeminise.com","jeminise.com+custom-floral-butterfly-inspirational-blanket-machine-wash-design-8","8860127232199","","custom-floral-butterfly-inspirational-blanket-machine-wash-design-8","https://jeminise.com/products/custom-floral-butterfly-inspirational-blanket-machine-wash-design-8","https://jeminise.com/collections/all/products/custom-floral-butterfly-inspirational-blanket-machine-wash-design-8","","Custom Floral Butterfly Inspirational Blanket, Machine Wash - Design 8","Jeminise","Blanket","amazon-import, amazon-parent-b0g5ppbxw5, Blanket, Christian & Baptism Blankets, Custom Blanket, Memorial Blanket, Personalized Blanket","2026-08-13T00:06:05-05:00","2026-08-12T23:52:51-05:00","2026-09-06T11:40:41-05:00","8","8","https://cdn.shopify.com/s/files/1/0792/5098/1063/files/e60a7f0c7875d9a23678ce107f7cc49276a08524f855f1c8123e8371efdc3ca1.jpg?v=1786596773","26.90","76.90","TRUE","collections/all/products.json","DISCOVERED","DISCOVERED","","2026-09-06T23:41:32.4166246+07:00"
"58","jeminise.com","jeminise.com+custom-floral-butterfly-inspirational-blanket-machine-washable-d3","8860094922951","","custom-floral-butterfly-inspirational-blanket-machine-washable-d3","https://jeminise.com/products/custom-floral-butterfly-inspirational-blanket-machine-washable-d3","https://jeminise.com/collections/all/products/custom-floral-butterfly-inspirational-blanket-machine-washable-d3","","Custom Floral Butterfly Inspirational Blanket, Machine Washable - D3","Jeminise","Blanket","amazon-import, amazon-parent-b0g5ppbxw5, Blanket, Christian & Baptism Blankets, Daughter Blanket, Grandma Blanket, Mom Blanket, Personalized Blanket, Religious Gift","2026-08-13T00:05:56-05:00","2026-08-12T23:45:14-05:00","2026-09-06T11:40:41-05:00","8","8","https://cdn.shopify.com/s/files/1/0792/5098/1063/files/7b2d759cc3474f8b380ea9f9ef6d4b141461fb49275363500310123df95ebadf.jpg?v=1786596316","26.90","76.90","TRUE","collections/all/products.json","DISCOVERED","DISCOVERED","","2026-09-06T23:41:32.4166246+07:00"
"59","jeminise.com","jeminise.com+custom-floral-cross-bible-verse-blanket-machine-washable-d13","8860096168135","","custom-floral-cross-bible-verse-blanket-machine-washable-d13","https://jeminise.com/products/custom-floral-cross-bible-verse-blanket-machine-washable-d13","https://jeminise.com/collections/all/products/custom-floral-cross-bible-verse-blanket-machine-washable-d13","","Custom Floral Cross Bible Verse Blanket, Machine Washable - D13","Jeminise","Blanket","amazon-import, amazon-parent-b0g5ppbxw5, Blanket, Christian & Baptism Blankets, Christian & Baptism Comforter, Custom Blanket, Daughter Blanket, Grandma Blanket, Mom Blanket, Personalized Blanket","2026-08-13T00:05:57-05:00","2026-08-12T23:45:31-05:00","2026-09-06T11:40:41-05:00","8","8","https://cdn.shopify.com/s/files/1/0792/5098/1063/files/9567025a041eead65c74e386ef5aa307e42a36b4156ebbad9a2346c965ea1380.jpg?v=1786596333","26.90","76.90","TRUE","collections/all/products.json","DISCOVERED","DISCOVERED","","2026-09-06T23:41:32.4166246+07:00"
"60","jeminise.com","jeminise.com+custom-floral-cross-with-butterflies-blanket-machine-washable-d6","8860107505863","","custom-floral-cross-with-butterflies-blanket-machine-washable-d6","https://jeminise.com/products/custom-floral-cross-with-butterflies-blanket-machine-washable-d6","https://jeminise.com/collections/all/products/custom-floral-cross-with-butterflies-blanket-machine-washable-d6","","Custom Floral Cross with Butterflies Blanket, Machine Washable - D6","Jeminise","Blanket","amazon-import, amazon-parent-b0g5ppbxw5, Blanket, Christian & Baptism Blankets, Custom Blanket, Faith Gift, Inspirational Gift, Personalized Blanket, Religious Gift","2026-08-13T00:06:03-05:00","2026-08-12T23:47:53-05:00","2026-09-06T11:40:41-05:00","8","8","https://cdn.shopify.com/s/files/1/0792/5098/1063/files/fa4c87e3ad89fcb17154c6d08d008fe811e3ada64703d98c1fca09128ccb3a83.jpg?v=1786596475","26.90","76.90","TRUE","collections/all/products.json","DISCOVERED","DISCOVERED","","2026-09-06T23:41:32.4166246+07:00"
"61","jeminise.com","jeminise.com+custom-football-above-yard-lines-perspective-comforter-2c2cb25ed8-2c2cb25ed8","8834770993351","","custom-football-above-yard-lines-perspective-comforter-2c2cb25ed8-2c2cb25ed8","https://jeminise.com/products/custom-football-above-yard-lines-perspective-comforter-2c2cb25ed8-2c2cb25ed8","https://jeminise.com/collections/all/products/custom-football-above-yard-lines-perspective-comforter-2c2cb25ed8-2c2cb25ed8","","Custom Football Above Yard Lines Perspective Comforter","Jeminise","Comforter","amazon-import, amazon-parent-b0drycbrpp, Comforter Set, Custom Blanket, Family Blanket, Personalized Blanket, Sports Comforter","2026-07-26T17:08:39-05:00","2026-07-26T16:41:39-05:00","2026-09-06T11:40:41-05:00","48","6","https://cdn.shopify.com/s/files/1/0792/5098/1063/files/fabb8c116f8a69109b5b97431aba79a77114883e996d533a69bdd3e830c85aa8.jpg?v=1785102101","36.90","151.90","TRUE","collections/all/products.json","DISCOVERED","DISCOVERED","","2026-09-06T23:41:32.4166246+07:00"
"62","jeminise.com","jeminise.com+custom-football-close-up-on-american-flag-comforter-039b2d7dd4-039b2d7dd4","8834758475975","","custom-football-close-up-on-american-flag-comforter-039b2d7dd4-039b2d7dd4","https://jeminise.com/products/custom-football-close-up-on-american-flag-comforter-039b2d7dd4-039b2d7dd4","https://jeminise.com/collections/all/products/custom-football-close-up-on-american-flag-comforter-039b2d7dd4-039b2d7dd4","","Custom Football Close Up on American Flag Comforter","Jeminise","Comforter","amazon-import, amazon-parent-b0drycbrpp, Boys Gift, Comforter Set, Custom Comforter, Personalized Comforter, Sports Comforter","2026-07-26T17:08:32-05:00","2026-07-26T16:21:23-05:00","2026-09-06T11:40:41-05:00","48","6","https://cdn.shopify.com/s/files/1/0792/5098/1063/files/1ce63baff5dac37aac0443db6cfd7edb9f71788a1cb5c5a0cfd1a3c5c9f1dbbc.jpg?v=1785100885","36.90","151.90","TRUE","collections/all/products.json","DISCOVERED","DISCOVERED","","2026-09-06T23:41:32.4166246+07:00"
"63","jeminise.com","jeminise.com+custom-football-engulfed-in-flames-and-lightning-comforter-902ce338f4-902ce338f4","8834759655623","","custom-football-engulfed-in-flames-and-lightning-comforter-902ce338f4-902ce338f4","https://jeminise.com/products/custom-football-engulfed-in-flames-and-lightning-comforter-902ce338f4-902ce338f4","https://jeminise.com/collections/all/products/custom-football-engulfed-in-flames-and-lightning-comforter-902ce338f4-902ce338f4","","Custom Football Engulfed in Flames and Lightning Comforter","Jeminise","Comforter","amazon-import, amazon-parent-b0drycbrpp, Comforter Set, Custom Blanket, Family Blanket, Personalized Blanket, Sports Comforter","2026-07-26T17:08:32-05:00","2026-07-26T16:23:26-05:00","2026-09-06T11:40:41-05:00","48","6","https://cdn.shopify.com/s/files/1/0792/5098/1063/files/92d4facb8391174bdcd6943c4c88fcd1c1680fa071da41e7b31d86da0c093d14.jpg?v=1785101008","36.90","151.90","TRUE","collections/all/products.json","DISCOVERED","DISCOVERED","","2026-09-06T23:41:32.4166246+07:00"
"64","jeminise.com","jeminise.com+custom-football-helmet-on-american-flag-vintage-comforter-43f12dbb8d-43f12dbb8d","8834765455559","","custom-football-helmet-on-american-flag-vintage-comforter-43f12dbb8d-43f12dbb8d","https://jeminise.com/products/custom-football-helmet-on-american-flag-vintage-comforter-43f12dbb8d-43f12dbb8d","https://jeminise.com/collections/all/products/custom-football-helmet-on-american-flag-vintage-comforter-43f12dbb8d-43f12dbb8d","","Custom Football Helmet on American Flag Vintage Comforter","Jeminise","Comforter","amazon-import, amazon-parent-b0drycbrpp, Comforter Set, Custom Blanket, Football Bedding, Kids Bedding, Sports Comforter","2026-07-26T17:08:35-05:00","2026-07-26T16:33:14-05:00","2026-09-06T11:40:41-05:00","48","6","https://cdn.shopify.com/s/files/1/0792/5098/1063/files/b723498d2ddba3665cd0b02ca579bcb97ac6f009301f4d95ca0c9859f96a6c98.jpg?v=1785101596","36.90","151.90","TRUE","collections/all/products.json","DISCOVERED","DISCOVERED","","2026-09-06T23:41:32.4166246+07:00"
"65","jeminise.com","jeminise.com+custom-football-helmet-with-flaming-football-comforter-07ad417afe-07ad417afe","8834750873799","","custom-football-helmet-with-flaming-football-comforter-07ad417afe-07ad417afe","https://jeminise.com/products/custom-football-helmet-with-flaming-football-comforter-07ad417afe-07ad417afe","https://jeminise.com/collections/all/products/custom-football-helmet-with-flaming-football-comforter-07ad417afe-07ad417afe","","Custom Football Helmet with Flaming Football Comforter","Jeminise","Comforter","amazon-import, amazon-parent-b0drycbrpp, Comforter Set, Custom Blanket, Personalized Blanket, Sports Comforter","2026-07-26T17:08:27-05:00","2026-07-26T16:08:56-05:00","2026-09-06T11:40:41-05:00","48","6","https://cdn.shopify.com/s/files/1/0792/5098/1063/files/2c32fae63175e304867066bac03a293c71ad2f6ef6d1330ced8a8f15a36ac9c2.jpg?v=1785100138","36.90","151.90","TRUE","collections/all/products.json","DISCOVERED","DISCOVERED","","2026-09-06T23:41:32.4166246+07:00"
"66","jeminise.com","jeminise.com+custom-football-over-american-flag-background-comforter-ed07da9f1f-ed07da9f1f","8834764669127","","custom-football-over-american-flag-background-comforter-ed07da9f1f-ed07da9f1f","https://jeminise.com/products/custom-football-over-american-flag-background-comforter-ed07da9f1f-ed07da9f1f","https://jeminise.com/collections/all/products/custom-football-over-american-flag-background-comforter-ed07da9f1f-ed07da9f1f","","Custom Football Over American Flag Background Comforter","Jeminise","Comforter","amazon-import, amazon-parent-b0drycbrpp, Comforter Set, Custom Blanket, Personalized Blanket, Sports Comforter","2026-07-26T17:08:35-05:00","2026-07-26T16:31:23-05:00","2026-09-06T11:40:41-05:00","48","6","https://cdn.shopify.com/s/files/1/0792/5098/1063/files/a4cbbdd322696714aa1a19a2f8bb77d75a27dc99370fcc37510a75b77ca9d233.jpg?v=1785101485","36.90","151.90","TRUE","collections/all/products.json","DISCOVERED","DISCOVERED","","2026-09-06T23:41:32.4166246+07:00"
"67","jeminise.com","jeminise.com+custom-football-player-holding-ball-close-up-comforter-d5b47c0ee0-d5b47c0ee0","8834770108615","","custom-football-player-holding-ball-close-up-comforter-d5b47c0ee0-d5b47c0ee0","https://jeminise.com/products/custom-football-player-holding-ball-close-up-comforter-d5b47c0ee0-d5b47c0ee0","https://jeminise.com/collections/all/products/custom-football-player-holding-ball-close-up-comforter-d5b47c0ee0-d5b47c0ee0","","Custom Football Player Holding Ball Close Up Comforter","Jeminise","Comforter","amazon-import, amazon-parent-b0drycbrpp, Comforter Set, Custom Blanket, Personalized Blanket, Sports Comforter","2026-07-26T17:08:38-05:00","2026-07-26T16:40:25-05:00","2026-09-06T11:40:41-05:00","48","6","https://cdn.shopify.com/s/files/1/0792/5098/1063/files/be9c5cee819776f5b51c117360ce74132b8045f5fc2610f92c876fe0ee308121.jpg?v=1785102027","36.90","151.90","TRUE","collections/all/products.json","DISCOVERED","DISCOVERED","","2026-09-06T23:41:32.4166246+07:00"
"68","jeminise.com","jeminise.com+custom-football-player-holding-ball-close-up-comforter-with-football-helmet-da6d035722-da6d035722","8834763489479","","custom-football-player-holding-ball-close-up-comforter-with-football-helmet-da6d035722-da6d035722","https://jeminise.com/products/custom-football-player-holding-ball-close-up-comforter-with-football-helmet-da6d035722-da6d035722","https://jeminise.com/collections/all/products/custom-football-player-holding-ball-close-up-comforter-with-football-helmet-da6d035722-da6d035722","","Custom Football Player Holding Ball Close Up Comforter with Football Helmet","Jeminise","Comforter","amazon-import, amazon-parent-b0drycbrpp, Boys Gift, Comforter Set, Custom Comforter, Personalized Comforter, Sports Comforter, Teen Bedding","2026-07-26T17:08:34-05:00","2026-07-26T16:29:49-05:00","2026-09-06T11:40:41-05:00","48","6","https://cdn.shopify.com/s/files/1/0792/5098/1063/files/75f1b7520ef4094f153834c4aa8dad28b3f7158fba412ba2e88065fe27c1a3b4.jpg?v=1785101391","36.90","151.90","TRUE","collections/all/products.json","DISCOVERED","DISCOVERED","","2026-09-06T23:41:32.4166246+07:00"
"69","jeminise.com","jeminise.com+custom-football-player-holding-ball-collage-comforter-with-football-helmet-08a49e7d2b-08a49e7d2b","8834753298631","","custom-football-player-holding-ball-collage-comforter-with-football-helmet-08a49e7d2b-08a49e7d2b","https://jeminise.com/products/custom-football-player-holding-ball-collage-comforter-with-football-helmet-08a49e7d2b-08a49e7d2b","https://jeminise.com/collections/all/products/custom-football-player-holding-ball-collage-comforter-with-football-helmet-08a49e7d2b-08a49e7d2b","","Custom Football Player Holding Ball Collage Comforter with Football Helmet","Jeminise","Comforter","amazon-import, amazon-parent-b0drycbrpp, Comforter Set, Custom Blanket, Football Comforter, Sports Comforter","2026-07-26T17:08:29-05:00","2026-07-26T16:12:40-05:00","2026-09-06T11:40:41-05:00","48","6","https://cdn.shopify.com/s/files/1/0792/5098/1063/files/2387dd0e6ebef7e3c8c8dbe840589c32b2c3aae39617d615d25c5335b8cb3c91.jpg?v=1785100362","36.90","151.90","TRUE","collections/all/products.json","DISCOVERED","DISCOVERED","","2026-09-06T23:41:32.4166246+07:00"
"70","jeminise.com","jeminise.com+custom-football-player-running-on-camouflage-flag-comforter-9b84ecda23-9b84ecda23","8834760376519","","custom-football-player-running-on-camouflage-flag-comforter-9b84ecda23-9b84ecda23","https://jeminise.com/products/custom-football-player-running-on-camouflage-flag-comforter-9b84ecda23-9b84ecda23","https://jeminise.com/collections/all/products/custom-football-player-running-on-camouflage-flag-comforter-9b84ecda23-9b84ecda23","","Custom Football Player Running on Camouflage Flag Comforter","Jeminise","Comforter","amazon-import, amazon-parent-b0drycbrpp, Comforter Set, Custom Blanket, Personalized Blanket, Sports Comforter, Sports Gifts","2026-07-26T17:08:33-05:00","2026-07-26T16:25:05-05:00","2026-09-06T11:40:41-05:00","48","6","https://cdn.shopify.com/s/files/1/0792/5098/1063/files/3ee5b6b2c637d9ca6593a2ef7304dc7e08afaed5c101e64cd7d8461283719c4b.jpg?v=1785101107","36.90","151.90","TRUE","collections/all/products.json","DISCOVERED","DISCOVERED","","2026-09-06T23:41:32.4166246+07:00"
"71","jeminise.com","jeminise.com+custom-football-player-running-with-ball-comforter-c9c2aecff2-c9c2aecff2","8834766471367","","custom-football-player-running-with-ball-comforter-c9c2aecff2-c9c2aecff2","https://jeminise.com/products/custom-football-player-running-with-ball-comforter-c9c2aecff2-c9c2aecff2","https://jeminise.com/collections/all/products/custom-football-player-running-with-ball-comforter-c9c2aecff2-c9c2aecff2","","Custom Football Player Running Sideways Comforter","Jeminise","Comforter","amazon-import, amazon-parent-b0drycbrpp, Comforter Set, Custom Blanket, Personalized Blanket, Sports Comforter","2026-07-26T17:08:36-05:00","2026-07-26T16:34:42-05:00","2026-09-06T11:40:41-05:00","48","6","https://cdn.shopify.com/s/files/1/0792/5098/1063/files/8ba31f3002b8afee5677ebffe7ff3c478193dcca2f2a9d1e34829e5a5672ad2d.jpg?v=1785101684","36.90","151.90","TRUE","collections/all/products.json","DISCOVERED","DISCOVERED","","2026-09-06T23:41:32.4166246+07:00"
"72","jeminise.com","jeminise.com+custom-football-player-running-with-ball-comforter-9fe5294804-9fe5294804","8834755068103","","custom-football-player-running-with-ball-comforter-9fe5294804-9fe5294804","https://jeminise.com/products/custom-football-player-running-with-ball-comforter-9fe5294804-9fe5294804","https://jeminise.com/collections/all/products/custom-football-player-running-with-ball-comforter-9fe5294804-9fe5294804","","Custom Football Player Running with Ball Comforter","Jeminise","Comforter","amazon-import, amazon-parent-b0drycbrpp, Comforter Set, Custom Comforter, Personalized Comforter, Sports Comforter, Sports Gift, Teen Boy Gift","2026-07-26T17:08:30-05:00","2026-07-26T16:15:47-05:00","2026-09-06T11:40:41-05:00","48","6","https://cdn.shopify.com/s/files/1/0792/5098/1063/files/7ae2888cc5a8f4c1be93b58990c02cf2577c8872f9903c751abf72721c40bdc8.jpg?v=1785100549","36.90","151.90","TRUE","collections/all/products.json","DISCOVERED","DISCOVERED","","2026-09-06T23:41:32.4166246+07:00"
"73","jeminise.com","jeminise.com+custom-football-player-with-american-flag-background-comforter-44d8108598-44d8108598","8834757296327","","custom-football-player-with-american-flag-background-comforter-44d8108598-44d8108598","https://jeminise.com/products/custom-football-player-with-american-flag-background-comforter-44d8108598-44d8108598","https://jeminise.com/collections/all/products/custom-football-player-with-american-flag-background-comforter-44d8108598-44d8108598","","Custom Football Player with American Flag Background Comforter","Jeminise","Comforter","amazon-import, amazon-parent-b0drycbrpp, Comforter Set, Custom Blanket, Kids Bedding, Son Blanket, Sports Comforter","2026-07-26T17:08:31-05:00","2026-07-26T16:19:43-05:00","2026-09-06T11:40:41-05:00","48","6","https://cdn.shopify.com/s/files/1/0792/5098/1063/files/09350cb325a519a0957806f82c1f3573d4d7e06e8b946df019d7eb52540f0503.jpg?v=1785100785","36.90","151.90","TRUE","collections/all/products.json","DISCOVERED","DISCOVERED","","2026-09-06T23:41:32.4166246+07:00"
"74","jeminise.com","jeminise.com+custom-football-player-with-burning-ball-comforter-and-american-football-708344de4c-708344de4c","8834752053447","","custom-football-player-with-burning-ball-comforter-and-american-football-708344de4c-708344de4c","https://jeminise.com/products/custom-football-player-with-burning-ball-comforter-and-american-football-708344de4c-708344de4c","https://jeminise.com/collections/all/products/custom-football-player-with-burning-ball-comforter-and-american-football-708344de4c-708344de4c","","Custom Football Player with Burning Ball Comforter and American Football","Jeminise","Comforter","amazon-import, amazon-parent-b0drycbrpp, Comforter Set, Custom Blanket, Personalized Blanket, Sports Comforter","2026-07-26T17:08:27-05:00","2026-07-26T16:10:30-05:00","2026-09-06T11:40:41-05:00","48","6","https://cdn.shopify.com/s/files/1/0792/5098/1063/files/fb332cfe8c182306abbab1f7491cf195fef7e6067a5228b112d7a2d8dd393ef8.jpg?v=1785100232","36.90","151.90","TRUE","collections/all/products.json","DISCOVERED","DISCOVERED","","2026-09-06T23:41:32.4166246+07:00"
"75","jeminise.com","jeminise.com+custom-football-players-and-large-football-close-comforter-01d72ea6a0-01d72ea6a0","8834761654471","","custom-football-players-and-large-football-close-comforter-01d72ea6a0-01d72ea6a0","https://jeminise.com/products/custom-football-players-and-large-football-close-comforter-01d72ea6a0-01d72ea6a0","https://jeminise.com/collections/all/products/custom-football-players-and-large-football-close-comforter-01d72ea6a0-01d72ea6a0","","Custom Football Players and Large Football Close Comforter","Jeminise","Comforter","amazon-import, amazon-parent-b0drycbrpp, Comforter Set, Custom Blanket, Personalized Blanket, Sports Comforter, Sports Quilt","2026-07-26T17:08:34-05:00","2026-07-26T16:26:55-05:00","2026-09-06T11:40:41-05:00","48","7","https://cdn.shopify.com/s/files/1/0792/5098/1063/files/d9863c62f320177280428dc92d48725c1c06a55d659d366f384fde0c7811382a.jpg?v=1785101218","36.90","151.90","TRUE","collections/all/products.json","DISCOVERED","DISCOVERED","","2026-09-06T23:41:32.4166246+07:00"
"76","jeminise.com","jeminise.com+custom-football-texture-with-prominent-laces-vintage-comforter-9be594b786-9be594b786","8834772566215","","custom-football-texture-with-prominent-laces-vintage-comforter-9be594b786-9be594b786","https://jeminise.com/products/custom-football-texture-with-prominent-laces-vintage-comforter-9be594b786-9be594b786","https://jeminise.com/collections/all/products/custom-football-texture-with-prominent-laces-vintage-comforter-9be594b786-9be594b786","","Custom Football Texture with Prominent Laces Vintage Comforter","Jeminise","Comforter","amazon-import, amazon-parent-b0drycbrpp, Comforter Set, Custom Blanket, Personalized Blanket, Sports Comforter","2026-07-26T17:08:40-05:00","2026-07-26T16:43:55-05:00","2026-09-06T11:40:41-05:00","48","6","https://cdn.shopify.com/s/files/1/0792/5098/1063/files/85acb5724b5772636361a6d94be8777f6f2bdb5f3a8e7fa49c6491dff38c06f8.jpg?v=1785102237","36.90","151.90","TRUE","collections/all/products.json","DISCOVERED","DISCOVERED","","2026-09-06T23:41:32.4166246+07:00"
"77","jeminise.com","jeminise.com+custom-glowing-soccer-ball-trails-comforter-set-machine-washable-a6","8860498854087","","custom-glowing-soccer-ball-trails-comforter-set-machine-washable-a6","https://jeminise.com/products/custom-glowing-soccer-ball-trails-comforter-set-machine-washable-a6","https://jeminise.com/collections/all/products/custom-glowing-soccer-ball-trails-comforter-set-machine-washable-a6","","Custom Glowing Soccer Ball Trails Comforter Set, Machine Washable - A6","Jeminise","Comforter Sets","amazon-import, amazon-parent-b0d4zcfbwm, Boys Room Decor, Comforter Set, Custom Comforter, Personalized Comforter, Soccer, Soccer Fan, Sports Comforter","2026-08-13T03:57:15-05:00","2026-08-13T03:50:27-05:00","2026-09-06T11:40:41-05:00","48","7","https://cdn.shopify.com/s/files/1/0792/5098/1063/files/d35464e29b296878cbbb36fb22ace55bea2b0208c40de42a7bbeeecd1911b275.jpg?v=1786611029","41.90","156.90","TRUE","collections/all/products.json","DISCOVERED","DISCOVERED","","2026-09-06T23:41:32.4166246+07:00"
"78","jeminise.com","jeminise.com+custom-inspirational-bible-verse-floral-blanket-d5","8860100493511","","custom-inspirational-bible-verse-floral-blanket-d5","https://jeminise.com/products/custom-inspirational-bible-verse-floral-blanket-d5","https://jeminise.com/collections/all/products/custom-inspirational-bible-verse-floral-blanket-d5","","Custom Inspirational Bible Verse Floral Blanket - D5","Jeminise","Blanket","amazon-import, amazon-parent-b0g5ppbxw5, Blanket, Christian & Baptism Blankets, Daughter Blanket, Grandma Blanket, Mom Blanket, Personalized Blanket, Religious Gift","2026-08-13T00:06:00-05:00","2026-08-12T23:46:28-05:00","2026-09-06T11:40:41-05:00","8","8","https://cdn.shopify.com/s/files/1/0792/5098/1063/files/ca0ded50205c9a145d2201f8702c3925419b376696554b3229114fd05d7f556d.jpg?v=1786596390","26.90","76.90","TRUE","collections/all/products.json","DISCOVERED","DISCOVERED","","2026-09-06T23:41:32.4166246+07:00"
"79","jeminise.com","jeminise.com+custom-inspirational-floral-butterfly-bible-verse-blanket-d4","8860102820039","","custom-inspirational-floral-butterfly-bible-verse-blanket-d4","https://jeminise.com/products/custom-inspirational-floral-butterfly-bible-verse-blanket-d4","https://jeminise.com/collections/all/products/custom-inspirational-floral-butterfly-bible-verse-blanket-d4","","Custom Inspirational Floral Butterfly Bible Verse Blanket - D4","Jeminise","Blanket","amazon-import, amazon-parent-b0g5ppbxw5, Blanket, Christian & Baptism Blankets, Couples & Family Blankets, Daughter Blanket, Grandma Blanket, Inspirational Gift, Mom Blanket, Personalized Blanket","2026-08-13T00:06:01-05:00","2026-08-12T23:46:56-05:00","2026-09-06T11:40:41-05:00","8","9","https://cdn.shopify.com/s/files/1/0792/5098/1063/files/ca732fd8d27565286eaf2f57c03ca596ce5115d12132affdc946fc6b1f38811c.jpg?v=1786596418","26.90","76.90","TRUE","collections/all/products.json","DISCOVERED","DISCOVERED","","2026-09-06T23:41:32.4166246+07:00"
"80","jeminise.com","jeminise.com+custom-inspirational-scripture-butterflies-blanket-machine-washable","8860110880967","","custom-inspirational-scripture-butterflies-blanket-machine-washable","https://jeminise.com/products/custom-inspirational-scripture-butterflies-blanket-machine-washable","https://jeminise.com/collections/all/products/custom-inspirational-scripture-butterflies-blanket-machine-washable","","Custom Inspirational Scripture Butterflies Blanket, Machine Washable","Jeminise","Blanket","amazon-import, amazon-parent-b0g5ppbxw5, Blanket, Christian & Baptism Blankets, Custom Blanket, Faith Gift, Inspirational Gift, Personalized Blanket, Religious Gift","2026-08-13T00:06:04-05:00","2026-08-12T23:48:40-05:00","2026-09-06T11:40:41-05:00","8","8","https://cdn.shopify.com/s/files/1/0792/5098/1063/files/143b457addd31dc5e16ebd8462161a8aad9a35ce89418e7c0d0f481e265af473.jpg?v=1786596522","26.90","76.90","TRUE","collections/all/products.json","DISCOVERED","DISCOVERED","","2026-09-06T23:41:32.4166246+07:00"
"81","jeminise.com","jeminise.com+custom-name-catcher-batter-baseball-baseball-throw-baseba-design-01","8867271082183","","custom-name-catcher-batter-baseball-baseball-throw-baseba-design-01","https://jeminise.com/products/custom-name-catcher-batter-baseball-baseball-throw-baseba-design-01","https://jeminise.com/collections/all/products/custom-name-catcher-batter-baseball-baseball-throw-baseba-design-01","","Custom Name Catcher Batter Baseball Baseball Throw, Baseba - Design 01","Jeminise","Blanket","amazon-import, amazon-parent-b0dk8pzclm, Baseball Player Gift, Blanket, Custom Blanket, Family Gift, Personalized Blanket, Sports Blankets","2026-08-20T12:34:56-05:00","2026-08-20T12:28:36-05:00","2026-09-06T11:40:41-05:00","8","5","https://cdn.shopify.com/s/files/1/0792/5098/1063/files/fb5f82df819534fbea0f600eef3fd8b3b00f5c155924161eb9281ffd15e5bb15.jpg?v=1787246918","26.90","71.90","TRUE","collections/all/products.json","DISCOVERED","DISCOVERED","","2026-09-06T23:41:32.4166246+07:00"
"82","jeminise.com","jeminise.com+custom-name-catcher-batter-baseball-baseball-throw-baseba-design-07","8867273310407","","custom-name-catcher-batter-baseball-baseball-throw-baseba-design-07","https://jeminise.com/products/custom-name-catcher-batter-baseball-baseball-throw-baseba-design-07","https://jeminise.com/collections/all/products/custom-name-catcher-batter-baseball-baseball-throw-baseba-design-07","","Custom Name Catcher Batter Baseball Baseball Throw, Baseba - Design 07","Jeminise","Blanket","amazon-import, amazon-parent-b0dk8pzclm, Baseball Player Gift, Blanket, Custom Blanket, Personalized Blanket, Sports Blankets, Sports Gift, Thoughtful Gift","2026-08-20T12:34:59-05:00","2026-08-20T12:29:17-05:00","2026-09-06T11:40:41-05:00","8","6","https://cdn.shopify.com/s/files/1/0792/5098/1063/files/a17144dd363663132a7edce324c0cef3c0083e79270eb9c6d1f377d4615dc01f.jpg?v=1787246959","26.90","71.90","TRUE","collections/all/products.json","DISCOVERED","DISCOVERED","","2026-09-06T23:41:32.4166246+07:00"
"83","jeminise.com","jeminise.com+custom-name-catcher-batter-baseball-baseball-throw-baseba-design-10","8867270394055","","custom-name-catcher-batter-baseball-baseball-throw-baseba-design-10","https://jeminise.com/products/custom-name-catcher-batter-baseball-baseball-throw-baseba-design-10","https://jeminise.com/collections/all/products/custom-name-catcher-batter-baseball-baseball-throw-baseba-design-10","","Custom Name Catcher Batter Baseball Baseball Throw, Baseba - Design 10","Jeminise","Blanket","amazon-import, amazon-parent-b0dk8pzclm, Blanket, Christmas Gift, Custom Blanket, Dad Gift, Mom Gift, Personalized Blanket, Sports Blankets, Sports Fan Gift","2026-08-20T12:34:54-05:00","2026-08-20T12:28:25-05:00","2026-09-06T11:40:41-05:00","8","7","https://cdn.shopify.com/s/files/1/0792/5098/1063/files/8123d43716c5a8ebebb452e03b8d1159b0961ab96c5805c9bd290732d85283e3.jpg?v=1787246908","26.90","71.90","TRUE","collections/all/products.json","DISCOVERED","DISCOVERED","","2026-09-06T23:41:32.4166246+07:00"
"84","jeminise.com","jeminise.com+custom-name-catcher-batter-baseball-baseball-throw-baseba-design-11","8867273113799","","custom-name-catcher-batter-baseball-baseball-throw-baseba-design-11","https://jeminise.com/products/custom-name-catcher-batter-baseball-baseball-throw-baseba-design-11","https://jeminise.com/collections/all/products/custom-name-catcher-batter-baseball-baseball-throw-baseba-design-11","","Custom Name Catcher Batter Baseball Baseball Throw, Baseba - Design 11","Jeminise","Blanket","amazon-import, amazon-parent-b0dk8pzclm, Baseball Player Gift, Blanket, Christmas Gift, Custom Blanket, Personalized Blanket, Sports, Sports Blankets","2026-08-20T12:34:59-05:00","2026-08-20T12:29:12-05:00","2026-09-06T11:40:41-05:00","8","7","https://cdn.shopify.com/s/files/1/0792/5098/1063/files/01fd3fd8e9b88b7504ced5b7845d2f0c3da0f24a0be3592ab2be37af9a14c594.jpg?v=1787246955","26.90","71.90","TRUE","collections/all/products.json","DISCOVERED","DISCOVERED","","2026-09-06T23:41:32.4166246+07:00"
"85","jeminise.com","jeminise.com+custom-name-catcher-batter-baseball-baseball-throw-baseba-design-12","8867271770311","","custom-name-catcher-batter-baseball-baseball-throw-baseba-design-12","https://jeminise.com/products/custom-name-catcher-batter-baseball-baseball-throw-baseba-design-12","https://jeminise.com/collections/all/products/custom-name-catcher-batter-baseball-baseball-throw-baseba-design-12","","Custom Name Catcher Batter Baseball Baseball Throw, Baseba - Design 12","Jeminise","Blanket","amazon-import, amazon-parent-b0dk8pzclm, Baseball, Blanket, Custom Blanket, Dad Blanket, Mom Blanket, Personalized Blanket, Sports Blankets","2026-08-20T12:34:57-05:00","2026-08-20T12:28:48-05:00","2026-09-06T11:40:41-05:00","8","6","https://cdn.shopify.com/s/files/1/0792/5098/1063/files/79ff70a216350adfbe64a74055e2de98f87718eaf24b4701f1cc388b7ca408dc.jpg?v=1787246930","26.90","71.90","TRUE","collections/all/products.json","DISCOVERED","DISCOVERED","","2026-09-06T23:41:32.4166246+07:00"
"86","jeminise.com","jeminise.com+custom-name-catcher-batter-baseball-baseball-throw-baseba-design-13","8867272196295","","custom-name-catcher-batter-baseball-baseball-throw-baseba-design-13","https://jeminise.com/products/custom-name-catcher-batter-baseball-baseball-throw-baseba-design-13","https://jeminise.com/collections/all/products/custom-name-catcher-batter-baseball-baseball-throw-baseba-design-13","","Custom Name Catcher Batter Baseball Baseball Throw, Baseba - Design 13","Jeminise","Blanket","amazon-import, amazon-parent-b0dk8pzclm, Baseball Player Gift, Blanket, Christmas Gift, Custom Blanket, Personalized Blanket, Sports, Sports Blankets","2026-08-20T12:34:57-05:00","2026-08-20T12:28:55-05:00","2026-09-06T11:40:41-05:00","8","6","https://cdn.shopify.com/s/files/1/0792/5098/1063/files/346253817cf54ee6d9444666f3b0488915a917284f238fb492237ae03abd8edc.jpg?v=1787246937","26.90","71.90","TRUE","collections/all/products.json","DISCOVERED","DISCOVERED","","2026-09-06T23:41:32.4166246+07:00"
"87","jeminise.com","jeminise.com+custom-name-catcher-batter-baseball-baseball-throw-baseba-design-17","8867272589511","","custom-name-catcher-batter-baseball-baseball-throw-baseba-design-17","https://jeminise.com/products/custom-name-catcher-batter-baseball-baseball-throw-baseba-design-17","https://jeminise.com/collections/all/products/custom-name-catcher-batter-baseball-baseball-throw-baseba-design-17","","Custom Name Catcher Batter Baseball Baseball Throw, Baseba - Design 17","Jeminise","Blanket","amazon-import, amazon-parent-b0dk8pzclm, Baseball Blanket, Blanket, Christmas Gift, Custom Blanket, Dad Gift, Mom Gift, Personalized Blanket, Sports Blankets","2026-08-20T12:34:58-05:00","2026-08-20T12:29:01-05:00","2026-09-06T11:40:41-05:00","8","6","https://cdn.shopify.com/s/files/1/0792/5098/1063/files/6b0bd39c9c26d7345d79e159db6217ced9245852667f609f0822634bfdf24e5b.jpg?v=1787246943","26.90","71.90","TRUE","collections/all/products.json","DISCOVERED","DISCOVERED","","2026-09-06T23:41:32.4166246+07:00"
"88","jeminise.com","jeminise.com+custom-name-catcher-batter-baseball-baseball-throw-baseba-design-18","8867270721735","","custom-name-catcher-batter-baseball-baseball-throw-baseba-design-18","https://jeminise.com/products/custom-name-catcher-batter-baseball-baseball-throw-baseba-design-18","https://jeminise.com/collections/all/products/custom-name-catcher-batter-baseball-baseball-throw-baseba-design-18","","Custom Name Catcher Batter Baseball Baseball Throw, Baseba - Design 18","Jeminise","Blanket","amazon-import, amazon-parent-b0dk8pzclm, Baseball Blanket, Blanket, Custom Blanket, Dad Gift, Mom Gift, Personalized Blanket, Sports Blankets","2026-08-20T12:34:55-05:00","2026-08-20T12:28:30-05:00","2026-09-06T11:40:41-05:00","8","7","https://cdn.shopify.com/s/files/1/0792/5098/1063/files/12a42db8aa6b2e0726036a5012f98bd8a35d4bcd16da2aeabd4c2cce7783c441.jpg?v=1787246913","26.90","71.90","TRUE","collections/all/products.json","DISCOVERED","DISCOVERED","","2026-09-06T23:41:32.4166246+07:00"
"89","jeminise.com","jeminise.com+custom-name-catcher-batter-baseball-baseball-throw-baseba-design-21","8867270656199","","custom-name-catcher-batter-baseball-baseball-throw-baseba-design-21","https://jeminise.com/products/custom-name-catcher-batter-baseball-baseball-throw-baseba-design-21","https://jeminise.com/collections/all/products/custom-name-catcher-batter-baseball-baseball-throw-baseba-design-21","","Custom Name Catcher Batter Baseball Baseball Throw, Baseba - Design 21","Jeminise","Blanket","amazon-import, amazon-parent-b0dk8pzclm, Baseball Gift, Baseball Player, Blanket, Custom Blanket, Easy Care, Personalized Blanket, Sports Blankets","2026-08-20T12:34:54-05:00","2026-08-20T12:28:29-05:00","2026-09-06T11:40:41-05:00","8","5","https://cdn.shopify.com/s/files/1/0792/5098/1063/files/c9d234b09efcecfc3f142c7dfb1c08364b7d36bee026e4f33b29b62963e3d033.jpg?v=1787246911","26.90","71.90","TRUE","collections/all/products.json","DISCOVERED","DISCOVERED","","2026-09-06T23:41:32.4166246+07:00"
"90","jeminise.com","jeminise.com+custom-name-catcher-batter-baseball-baseball-throw-baseball-blanket","8867269279943","","custom-name-catcher-batter-baseball-baseball-throw-baseball-blanket","https://jeminise.com/products/custom-name-catcher-batter-baseball-baseball-throw-baseball-blanket","https://jeminise.com/collections/all/products/custom-name-catcher-batter-baseball-baseball-throw-baseball-blanket","","Custom Name Catcher Batter Baseball Baseball Throw, Baseball Blanket","Jeminise","Blanket","amazon-import, amazon-parent-b0dk8pzclm, Baseball Player, Blanket, Custom Blanket, Personalized Blanket, Sports Blankets, Sports Gift","2026-08-20T12:34:53-05:00","2026-08-20T12:28:05-05:00","2026-09-06T11:40:41-05:00","8","4","https://cdn.shopify.com/s/files/1/0792/5098/1063/files/3448e08fcffb63bf2099bd97f09e4cd944f66552f1ac9af8ae948634b992d2a2.jpg?v=1787246887","26.90","71.90","TRUE","collections/all/products.json","DISCOVERED","DISCOVERED","","2026-09-06T23:41:32.4166246+07:00"
"91","jeminise.com","jeminise.com+custom-native-american-inspired-wolf-head-inside-circular-frame-comforter-d351b4bfe1-d351b4bfe1","8837138940103","","custom-native-american-inspired-wolf-head-inside-circular-frame-comforter-d351b4bfe1-d351b4bfe1","https://jeminise.com/products/custom-native-american-inspired-wolf-head-inside-circular-frame-comforter-d351b4bfe1-d351b4bfe1","https://jeminise.com/collections/all/products/custom-native-american-inspired-wolf-head-inside-circular-frame-comforter-d351b4bfe1-d351b4bfe1","","Custom Native American Inspired Wolf Head Inside Circular Frame Quilt","Jeminise","Quilt","amazon-import, amazon-parent-b0d6txgk88, Custom Blanket, Family Blanket, Personalized Blanket, Quilt Set, Wildlife Quilt","2026-07-27T14:50:48-05:00","2026-07-27T14:45:31-05:00","2026-09-06T11:40:41-05:00","10","5","https://cdn.shopify.com/s/files/1/0792/5098/1063/files/8db123d2a281d8d7b1e7601cf1c6b3ae13e69bdec5076345ef0a6c9cf3ffbbf8.jpg?v=1785181534","49.90","109.90","TRUE","collections/all/products.json","DISCOVERED","DISCOVERED","","2026-09-06T23:41:32.4166246+07:00"
"92","jeminise.com","jeminise.com+custom-neon-green-soccer-player-artwork-comforter-set-boys-room-decor","8860498821319","","custom-neon-green-soccer-player-artwork-comforter-set-boys-room-decor","https://jeminise.com/products/custom-neon-green-soccer-player-artwork-comforter-set-boys-room-decor","https://jeminise.com/collections/all/products/custom-neon-green-soccer-player-artwork-comforter-set-boys-room-decor","","Custom Neon Green Soccer Player Artwork Comforter Set, Boys Room Decor","Jeminise","Comforter Sets","amazon-import, amazon-parent-b0d4zcfbwm, Boys Room, Comforter Set, Custom Comforter, Personalized Comforter, Soccer Comforter, Soccer Fan, Sports Comforter","2026-08-13T03:57:14-05:00","2026-08-13T03:50:24-05:00","2026-09-06T11:40:41-05:00","48","8","https://cdn.shopify.com/s/files/1/0792/5098/1063/files/6b80b75d568cdee15c272e946d98348d480efd2a5cea1cacdb69246b74474091.jpg?v=1786611026","41.90","156.90","TRUE","collections/all/products.json","DISCOVERED","DISCOVERED","","2026-09-06T23:41:32.4166246+07:00"
"93","jeminise.com","jeminise.com+custom-patriotic-semi-truck-on-american-flag-background-comforter-e664ba94f8-e664ba94f8","8835550806215","","custom-patriotic-semi-truck-on-american-flag-background-comforter-e664ba94f8-e664ba94f8","https://jeminise.com/products/custom-patriotic-semi-truck-on-american-flag-background-comforter-e664ba94f8-e664ba94f8","https://jeminise.com/collections/all/products/custom-patriotic-semi-truck-on-american-flag-background-comforter-e664ba94f8-e664ba94f8","","Custom Patriotic Semi Truck on American Flag Background Comforter","Jeminise","Comforter","amazon-import, amazon-parent-b0ds43sc11, Comforter Set, Custom Blanket, Personalized Blanket, Sports Comforter","2026-07-27T01:41:41-05:00","2026-07-27T01:06:17-05:00","2026-09-06T11:40:41-05:00","48","7","https://cdn.shopify.com/s/files/1/0792/5098/1063/files/fe1412d885785c85792b6280a515d4da148939773f52cad28a9077b41519bca7.jpg?v=1785132379","36.90","151.90","TRUE","collections/all/products.json","DISCOVERED","DISCOVERED","","2026-09-06T23:41:32.4166246+07:00"
"94","jeminise.com","jeminise.com+custom-patriotic-semi-truck-with-waving-american-flag-comforter-e01f2755b2-e01f2755b2","8835554541767","","custom-patriotic-semi-truck-with-waving-american-flag-comforter-e01f2755b2-e01f2755b2","https://jeminise.com/products/custom-patriotic-semi-truck-with-waving-american-flag-comforter-e01f2755b2-e01f2755b2","https://jeminise.com/collections/all/products/custom-patriotic-semi-truck-with-waving-american-flag-comforter-e01f2755b2-e01f2755b2","","Custom Patriotic Semi Truck with Waving American Flag Comforter","Jeminise","Comforter","amazon-import, amazon-parent-b0ds43sc11, Comforter Set, Couples & Family Blankets, Custom Blanket, Personalized Blanket, Trucker Comforter","2026-07-27T01:41:46-05:00","2026-07-27T01:17:33-05:00","2026-09-06T11:40:41-05:00","48","7","https://cdn.shopify.com/s/files/1/0792/5098/1063/files/fff7fb3607171e550328ca23a57753cdd5e34bd84e9bc6ddf3d658e8b386e971.jpg?v=1785133056","36.90","151.90","TRUE","collections/all/products.json","DISCOVERED","DISCOVERED","","2026-09-06T23:41:32.4166246+07:00"
"95","jeminise.com","jeminise.com+custom-patriotic-trucking-semi-truck-below-waving-american-flag-comforter-05c0cd8623-05c0cd8623","8835554246855","","custom-patriotic-trucking-semi-truck-below-waving-american-flag-comforter-05c0cd8623-05c0cd8623","https://jeminise.com/products/custom-patriotic-trucking-semi-truck-below-waving-american-flag-comforter-05c0cd8623-05c0cd8623","https://jeminise.com/collections/all/products/custom-patriotic-trucking-semi-truck-below-waving-american-flag-comforter-05c0cd8623-05c0cd8623","","Custom Patriotic Trucking Semi Truck Below Waving American Flag Comforter","Jeminise","Comforter","amazon-import, amazon-parent-b0ds43sc11, Comforter Set, Custom Blanket, Personalized Blanket, Sports Comforter","2026-07-27T01:41:45-05:00","2026-07-27T01:15:03-05:00","2026-09-06T11:40:41-05:00","48","7","https://cdn.shopify.com/s/files/1/0792/5098/1063/files/2ade86cd5ab3acf0f2e78f8ceab6ed08c167347de0f532b69f287d8356e45ef3.jpg?v=1785132905","36.90","151.90","TRUE","collections/all/products.json","DISCOVERED","DISCOVERED","","2026-09-06T23:41:32.4166246+07:00"
"96","jeminise.com","jeminise.com+custom-photo-quilt-bicycle-flowers-07e2c6fca1-07e2c6fca1","8834787442887","","custom-photo-quilt-bicycle-flowers-07e2c6fca1-07e2c6fca1","https://jeminise.com/products/custom-photo-quilt-bicycle-flowers-07e2c6fca1-07e2c6fca1","https://jeminise.com/collections/all/products/custom-photo-quilt-bicycle-flowers-07e2c6fca1-07e2c6fca1","","Custom Photo Quilt with Bicycle and Flowers","Jeminise","Quilt","amazon-import, amazon-parent-b0djy5ywty, Christmas Quilt, Custom Blanket, Family Blanket, Family Gift, Personalized Blanket, Quilt","2026-07-26T17:08:42-05:00","2026-07-26T17:02:31-05:00","2026-09-06T11:40:41-05:00","15","7","https://cdn.shopify.com/s/files/1/0792/5098/1063/files/d642de2fc85572ce4b3843164c4a712bf96852e46789ec09b81e744bdf123b1d.jpg?v=1785103353","51.90","111.90","TRUE","collections/all/products.json","DISCOVERED","DISCOVERED","","2026-09-06T23:41:32.4166246+07:00"
"97","jeminise.com","jeminise.com+custom-purple-butterflies-text-blanket-machine-washable-d7b","8860137160903","","custom-purple-butterflies-text-blanket-machine-washable-d7b","https://jeminise.com/products/custom-purple-butterflies-text-blanket-machine-washable-d7b","https://jeminise.com/collections/all/products/custom-purple-butterflies-text-blanket-machine-washable-d7b","","Custom Purple Butterflies Text Blanket, Machine Washable - D7b","Jeminise","Blanket","amazon-import, amazon-parent-b0g5ppbxw5, Blanket, Christian & Baptism Blankets, Custom Blanket, Daughter Blanket, Grandma Blanket, Inspirational Gift, Mom Blanket, Personalized Blanket","2026-08-13T00:06:09-05:00","2026-08-12T23:56:06-05:00","2026-09-06T11:40:41-05:00","8","8","https://cdn.shopify.com/s/files/1/0792/5098/1063/files/b6cd34a72d72c728bb3299f3d4da788ca922c473d8c779016ce727043a3c3398.jpg?v=1786596968","26.90","76.90","TRUE","collections/all/products.json","DISCOVERED","DISCOVERED","","2026-09-06T23:41:32.4166246+07:00"
"98","jeminise.com","jeminise.com+custom-purple-butterfly-christian-blanket-machine-washable-d15","8860096954567","","custom-purple-butterfly-christian-blanket-machine-washable-d15","https://jeminise.com/products/custom-purple-butterfly-christian-blanket-machine-washable-d15","https://jeminise.com/collections/all/products/custom-purple-butterfly-christian-blanket-machine-washable-d15","","Custom Purple Butterfly Christian Blanket, Machine Washable - D15","Jeminise","Blanket","amazon-import, amazon-parent-b0g5ppbxw5, Blanket, Christian & Baptism Blankets, Christian & Baptism Comforter, Custom Blanket, Daughter Blanket, Grandma Blanket, Mom Blanket, Personalized Blanket","2026-08-13T00:05:58-05:00","2026-08-12T23:45:42-05:00","2026-09-06T11:40:41-05:00","8","8","https://cdn.shopify.com/s/files/1/0792/5098/1063/files/b0d49dab17c6bdcc632b9ef24f12d0fb5113a83ac744ae5538fe6133d8649026.jpg?v=1786596344","26.90","76.90","TRUE","collections/all/products.json","DISCOVERED","DISCOVERED","","2026-09-06T23:41:32.4166246+07:00"
"99","jeminise.com","jeminise.com+custom-purple-floral-christian-cross-blanket-machine-washable-d2","8860106883271","","custom-purple-floral-christian-cross-blanket-machine-washable-d2","https://jeminise.com/products/custom-purple-floral-christian-cross-blanket-machine-washable-d2","https://jeminise.com/collections/all/products/custom-purple-floral-christian-cross-blanket-machine-washable-d2","","Custom Purple Floral Christian Cross Blanket, Machine Washable - D2","Jeminise","Blanket","amazon-import, amazon-parent-b0g5ppbxw5, Blanket, Christian & Baptism Blankets, Christian Gift, Custom Blanket, Daughter Blanket, Grandma Blanket, Mom Blanket, Personalized Blanket","2026-08-13T00:06:02-05:00","2026-08-12T23:47:44-05:00","2026-09-06T11:40:41-05:00","8","8","https://cdn.shopify.com/s/files/1/0792/5098/1063/files/1e3ef58d63b3b377403c7baa0c39f0aaca49df18a0c49d7048c441975452b123.jpg?v=1786596467","26.90","76.90","TRUE","collections/all/products.json","DISCOVERED","DISCOVERED","","2026-09-06T23:41:32.4166246+07:00"
"100","jeminise.com","jeminise.com+custom-purple-floral-cross-with-butterflies-blanket-machi-design-14","8860127658183","","custom-purple-floral-cross-with-butterflies-blanket-machi-design-14","https://jeminise.com/products/custom-purple-floral-cross-with-butterflies-blanket-machi-design-14","https://jeminise.com/collections/all/products/custom-purple-floral-cross-with-butterflies-blanket-machi-design-14","","Custom Purple Floral Cross with Butterflies Blanket, Machi - Design 14","Jeminise","Blanket","amazon-import, amazon-parent-b0g5ppbxw5, Blanket, Christian & Baptism Blankets, Christian & Baptism Comforter, Custom Blanket, Personalized Blanket, Religious Gifts","2026-08-13T00:06:06-05:00","2026-08-12T23:52:58-05:00","2026-09-06T11:40:41-05:00","8","8","https://cdn.shopify.com/s/files/1/0792/5098/1063/files/3d80b7de7d1f734e2ecfc7968366600fbdbd5ea5fa3c36401da4183fc73403f1.jpg?v=1786596780","26.90","76.90","TRUE","collections/all/products.json","DISCOVERED","DISCOVERED","","2026-09-06T23:41:32.4166246+07:00"
"101","jeminise.com","jeminise.com+custom-semi-truck-with-american-flag-background-comforter-104ae45e5d-104ae45e5d","8835552673991","","custom-semi-truck-with-american-flag-background-comforter-104ae45e5d-104ae45e5d","https://jeminise.com/products/custom-semi-truck-with-american-flag-background-comforter-104ae45e5d-104ae45e5d","https://jeminise.com/collections/all/products/custom-semi-truck-with-american-flag-background-comforter-104ae45e5d-104ae45e5d","","Custom Semi Truck with American Flag Background Comforter","Jeminise","Comforter","amazon-import, amazon-parent-b0ds43sc11, Comforter Set, Custom Blanket, Personalized Blanket, Sister Gift, Sports Comforter","2026-07-27T01:41:42-05:00","2026-07-27T01:08:26-05:00","2026-09-06T11:40:41-05:00","48","7","https://cdn.shopify.com/s/files/1/0792/5098/1063/files/3b328383c995be54509b263af54b728aa2e6ffd82467fcae85efb7a7bbc8bbe9.jpg?v=1785132509","36.90","151.90","TRUE","collections/all/products.json","DISCOVERED","DISCOVERED","","2026-09-06T23:41:32.4166246+07:00"
"102","jeminise.com","jeminise.com+custom-soccer-ball-cleats-personalized-comforter-set-machine-washable","8860499083463","","custom-soccer-ball-cleats-personalized-comforter-set-machine-washable","https://jeminise.com/products/custom-soccer-ball-cleats-personalized-comforter-set-machine-washable","https://jeminise.com/collections/all/products/custom-soccer-ball-cleats-personalized-comforter-set-machine-washable","","Custom Soccer Ball Cleats Personalized Comforter Set, Machine Washable","Jeminise","Comforter Sets","amazon-import, amazon-parent-b0d4zcfbwm, Boys Room, Comforter Set, Custom Blanket, Personalized Blanket, Soccer Bedding, Soccer Fan, Sports Comforter","2026-08-13T03:57:16-05:00","2026-08-13T03:50:43-05:00","2026-09-06T11:40:41-05:00","48","8","https://cdn.shopify.com/s/files/1/0792/5098/1063/files/3afc018e90ed49ef925c143f160e13a00ecff6c51398c938910988b9aa62eee5.jpg?v=1786611045","41.90","156.90","TRUE","collections/all/products.json","DISCOVERED","DISCOVERED","","2026-09-06T23:41:32.4166246+07:00"
"103","jeminise.com","jeminise.com+custom-soccer-ball-goal-net-comforter-set-machine-washabl-design-13","8860498297031","","custom-soccer-ball-goal-net-comforter-set-machine-washabl-design-13","https://jeminise.com/products/custom-soccer-ball-goal-net-comforter-set-machine-washabl-design-13","https://jeminise.com/collections/all/products/custom-soccer-ball-goal-net-comforter-set-machine-washabl-design-13","","Custom Soccer Ball Goal Net Comforter Set, Machine Washabl - Design 13","Jeminise","Comforter Sets","amazon-import, amazon-parent-b0d4zcfbwm, Boys Room Decor, Comforter Set, Custom Blanket, Personalized Blanket, Soccer Comforter, Soccer Fan Gift, Sports Comforter","2026-08-13T03:57:12-05:00","2026-08-13T03:49:55-05:00","2026-09-06T11:40:41-05:00","48","8","https://cdn.shopify.com/s/files/1/0792/5098/1063/files/e40fbf151dd4e744c6057704570d5d6266da44452209f9c566b1d299ec7ec161.jpg?v=1786610997","41.90","156.90","TRUE","collections/all/products.json","DISCOVERED","DISCOVERED","","2026-09-06T23:41:32.4166246+07:00"
"104","jeminise.com","jeminise.com+custom-soccer-ball-goal-personalized-bedding-comforter-set-a4","8860497674439","","custom-soccer-ball-goal-personalized-bedding-comforter-set-a4","https://jeminise.com/products/custom-soccer-ball-goal-personalized-bedding-comforter-set-a4","https://jeminise.com/collections/all/products/custom-soccer-ball-goal-personalized-bedding-comforter-set-a4","","Custom Soccer Ball Goal Personalized Bedding Comforter Set - A4","Jeminise","Comforter Sets","amazon-import, amazon-parent-b0d4zcfbwm, Boys Room Decor, Comforter Set, Personalized Blanket, Soccer Bedding, Soccer Fan, Sports Comforter","2026-08-13T03:57:08-05:00","2026-08-13T03:49:14-05:00","2026-09-06T11:40:41-05:00","48","7","https://cdn.shopify.com/s/files/1/0792/5098/1063/files/c8002c1036e987b59bab3d14d64dda24c6dd83936cf1089df50345790d2ab310.jpg?v=1786610956","41.90","156.90","TRUE","collections/all/products.json","DISCOVERED","DISCOVERED","","2026-09-06T23:41:32.4166246+07:00"
"105","jeminise.com","jeminise.com+custom-soccer-ball-net-comforter-set-machine-washable-a2","8860497608903","","custom-soccer-ball-net-comforter-set-machine-washable-a2","https://jeminise.com/products/custom-soccer-ball-net-comforter-set-machine-washable-a2","https://jeminise.com/collections/all/products/custom-soccer-ball-net-comforter-set-machine-washable-a2","","Custom Soccer Ball Net Comforter Set, Machine Washable - A2","Jeminise","Comforter Sets","amazon-import, amazon-parent-b0d4zcfbwm, Boys Room, Comforter Set, Custom Blanket, Personalized Blanket, Soccer, Sports Comforter","2026-08-13T03:57:08-05:00","2026-08-13T03:49:10-05:00","2026-09-06T11:40:41-05:00","48","8","https://cdn.shopify.com/s/files/1/0792/5098/1063/files/82333601a7ee5503b2c8e1c2000337833e2c7d844138e0b4a3807c18149eb399.jpg?v=1786610952","36.90","151.90","TRUE","collections/all/products.json","DISCOVERED","DISCOVERED","","2026-09-06T23:41:32.4166246+07:00"
"106","jeminise.com","jeminise.com+custom-soccer-ball-water-splashes-comforter-set-machine-washable","8860497936583","","custom-soccer-ball-water-splashes-comforter-set-machine-washable","https://jeminise.com/products/custom-soccer-ball-water-splashes-comforter-set-machine-washable","https://jeminise.com/collections/all/products/custom-soccer-ball-water-splashes-comforter-set-machine-washable","","Custom Soccer Ball Water Splashes Comforter Set, Machine Washable","Jeminise","Comforter Sets","amazon-import, amazon-parent-b0d4zcfbwm, Boys Room, Comforter Set, Custom Blanket, Personalized Blanket, Soccer Bedding, Soccer Fan, Sports Comforter","2026-08-13T03:57:10-05:00","2026-08-13T03:49:29-05:00","2026-09-06T11:40:41-05:00","48","8","https://cdn.shopify.com/s/files/1/0792/5098/1063/files/f55864bd923cfb841eb33123844bd7bddec61cb2871b60e8b3599cfa4e4987d1.jpg?v=1786610971","41.90","156.90","TRUE","collections/all/products.json","DISCOVERED","DISCOVERED","","2026-09-06T23:41:32.4166246+07:00"
"107","jeminise.com","jeminise.com+custom-soccer-ball-with-lightning-splash-comforter-set-a11","8860498428103","","custom-soccer-ball-with-lightning-splash-comforter-set-a11","https://jeminise.com/products/custom-soccer-ball-with-lightning-splash-comforter-set-a11","https://jeminise.com/collections/all/products/custom-soccer-ball-with-lightning-splash-comforter-set-a11","","Custom Soccer Ball with Lightning Splash Comforter Set - A11","Jeminise","Comforter Sets","amazon-import, amazon-parent-b0d4zcfbwm, Boys Room, Comforter Set, Custom Comforter, Personalized Comforter, Soccer Fan, Sports Comforter, Sporty Gift","2026-08-13T03:57:12-05:00","2026-08-13T03:50:03-05:00","2026-09-06T11:40:41-05:00","48","8","https://cdn.shopify.com/s/files/1/0792/5098/1063/files/99c0337aa1a903214fd6d8c8bd8e26623ae3840aacc91fae513643a9bb227f75.jpg?v=1786611005","41.90","156.90","TRUE","collections/all/products.json","DISCOVERED","DISCOVERED","","2026-09-06T23:41:32.4166246+07:00"
"108","jeminise.com","jeminise.com+custom-soccer-ball-with-number-07-comforter-set-machine-w-design-17","8860499050695","","custom-soccer-ball-with-number-07-comforter-set-machine-w-design-17","https://jeminise.com/products/custom-soccer-ball-with-number-07-comforter-set-machine-w-design-17","https://jeminise.com/collections/all/products/custom-soccer-ball-with-number-07-comforter-set-machine-w-design-17","","Custom Soccer Ball with Number 07 Comforter Set, Machine W - Design 17","Jeminise","Comforter Sets","amazon-import, amazon-parent-b0d4zcfbwm, Comforter Set, Custom Blanket, Personalized Blanket, Soccer, Sports Comforter","2026-08-13T03:57:16-05:00","2026-08-13T03:50:41-05:00","2026-09-06T11:40:41-05:00","48","8","https://cdn.shopify.com/s/files/1/0792/5098/1063/files/91bf412567430222fd923eb6025e10f4826c9605c89111734a5f062094f92ef4.jpg?v=1786611043","41.90","156.90","TRUE","collections/all/products.json","DISCOVERED","DISCOVERED","","2026-09-06T23:41:32.4166246+07:00"
"109","jeminise.com","jeminise.com+custom-soccer-goal-splash-bedding-comforter-set-machine-washable","8860499148999","","custom-soccer-goal-splash-bedding-comforter-set-machine-washable","https://jeminise.com/products/custom-soccer-goal-splash-bedding-comforter-set-machine-washable","https://jeminise.com/collections/all/products/custom-soccer-goal-splash-bedding-comforter-set-machine-washable","","Custom Soccer Goal Splash Bedding Comforter Set, Machine Washable","Jeminise","Comforter Sets","amazon-import, amazon-parent-b0d4zcfbwm, Boys Room, Comforter Set, Custom Comforter, Personalized Comforter, Soccer, Sports Comforter","2026-08-13T03:57:17-05:00","2026-08-13T03:50:46-05:00","2026-09-06T11:40:41-05:00","48","7","https://cdn.shopify.com/s/files/1/0792/5098/1063/files/a548b7a12b46780de719980f5aebe8bad1e9ad2c7c30734bccbfe2dcfe856d73.jpg?v=1786611048","41.90","156.90","TRUE","collections/all/products.json","DISCOVERED","DISCOVERED","","2026-09-06T23:41:32.4166246+07:00"
"110","jeminise.com","jeminise.com+custom-soccer-net-with-number-07-comforter-set-machine-washable-a7","8860498591943","","custom-soccer-net-with-number-07-comforter-set-machine-washable-a7","https://jeminise.com/products/custom-soccer-net-with-number-07-comforter-set-machine-washable-a7","https://jeminise.com/collections/all/products/custom-soccer-net-with-number-07-comforter-set-machine-washable-a7","","Custom Soccer Net with Number 07 Comforter Set, Machine Washable - A7","Jeminise","Comforter Sets","amazon-import, amazon-parent-b0d4zcfbwm, Boys Room, Comforter Set, Custom Blanket, Personalized Blanket, Soccer, Sports Comforter","2026-08-13T03:57:14-05:00","2026-08-13T03:50:10-05:00","2026-09-06T11:40:41-05:00","48","8","https://cdn.shopify.com/s/files/1/0792/5098/1063/files/d5eff6ecbe959bbbb3957e92b28382391b5f27c8e5b7675c96fce64707e4f0e4.jpg?v=1786611012","41.90","156.90","TRUE","collections/all/products.json","DISCOVERED","DISCOVERED","","2026-09-06T23:41:32.4166246+07:00"
"111","jeminise.com","jeminise.com+custom-soccer-player-custom-name-number-comforter-set-boys-room-decor","8860497772743","","custom-soccer-player-custom-name-number-comforter-set-boys-room-decor","https://jeminise.com/products/custom-soccer-player-custom-name-number-comforter-set-boys-room-decor","https://jeminise.com/collections/all/products/custom-soccer-player-custom-name-number-comforter-set-boys-room-decor","","Custom Soccer Player Custom Name Number Comforter Set, Boys Room Decor","Jeminise","Comforter Sets","amazon-import, amazon-parent-b0d4zcfbwm, Boys, Comforter Set, Custom Blanket, Personalized Blanket, Soccer, Sports Comforter","2026-08-13T03:57:09-05:00","2026-08-13T03:49:21-05:00","2026-09-06T11:40:41-05:00","48","8","https://cdn.shopify.com/s/files/1/0792/5098/1063/files/5adf8a31ec40a642bf000b375eae5c3554de48282390af23cc541bb382906122.jpg?v=1786610963","41.90","156.90","TRUE","collections/all/products.json","DISCOVERED","DISCOVERED","","2026-09-06T23:41:32.4166246+07:00"
"112","jeminise.com","jeminise.com+custom-soccer-player-goal-comforter-set-machine-washable-design-8","8860498198727","","custom-soccer-player-goal-comforter-set-machine-washable-design-8","https://jeminise.com/products/custom-soccer-player-goal-comforter-set-machine-washable-design-8","https://jeminise.com/collections/all/products/custom-soccer-player-goal-comforter-set-machine-washable-design-8","","Custom Soccer Player Goal Comforter Set, Machine Washable - Design 8","Jeminise","Comforter Sets","amazon-import, amazon-parent-b0d4zcfbwm, Boys Room Decor, Comforter Set, Custom Comforter, Personalized Comforter, Soccer, Sports Comforter","2026-08-13T03:57:11-05:00","2026-08-13T03:49:50-05:00","2026-09-06T11:40:41-05:00","48","8","https://cdn.shopify.com/s/files/1/0792/5098/1063/files/dbac2843c8a7d91826da156c117202b53acf9c74a9ac57f9a5155ff0ee41d541.jpg?v=1786610992","41.90","156.90","TRUE","collections/all/products.json","DISCOVERED","DISCOVERED","","2026-09-06T23:41:32.4166246+07:00"
"113","jeminise.com","jeminise.com+custom-soccer-player-paint-splatter-comforter-set-machine-washable","8860498133191","","custom-soccer-player-paint-splatter-comforter-set-machine-washable","https://jeminise.com/products/custom-soccer-player-paint-splatter-comforter-set-machine-washable","https://jeminise.com/collections/all/products/custom-soccer-player-paint-splatter-comforter-set-machine-washable","","Custom Soccer Player Paint Splatter Comforter Set, Machine Washable","Jeminise","Comforter Sets","amazon-import, amazon-parent-b0d4zcfbwm, Boys Room, Comforter Set, Custom Blanket, Personalized Blanket, Soccer, Sports Comforter","2026-08-13T03:57:11-05:00","2026-08-13T03:49:44-05:00","2026-09-06T11:40:41-05:00","48","8","https://cdn.shopify.com/s/files/1/0792/5098/1063/files/6af2c2171c76e387dd360630309e9c195302a9f62c2ab3fdf7aee54b1b973c58.jpg?v=1786610986","41.90","156.90","TRUE","collections/all/products.json","DISCOVERED","DISCOVERED","","2026-09-06T23:41:32.4166246+07:00"
"114","jeminise.com","jeminise.com+custom-softball-comforter-set-for-girls-personalized-name-number","8867220553927","","custom-softball-comforter-set-for-girls-personalized-name-number","https://jeminise.com/products/custom-softball-comforter-set-for-girls-personalized-name-number","https://jeminise.com/collections/all/products/custom-softball-comforter-set-for-girls-personalized-name-number","","Custom Softball Comforter Set for Girls – Personalized Name & Number","Jeminise","Comforter Sets","amazon-import, amazon-parent-b0cjnfgzvk, Comforter Set, Custom Comforter, Personalized Comforter, Softball Comforter, Sport Gift, Sports Comforter","2026-08-20T12:05:58-05:00","2026-08-20T11:58:58-05:00","2026-09-06T11:40:41-05:00","12","7","https://cdn.shopify.com/s/files/1/0792/5098/1063/files/600dadc90f458b75b98e518bc082e027f8f4c6f51c7590c33f32d1c009501470.jpg?v=1787245141","61.90","121.90","TRUE","collections/all/products.json","DISCOVERED","DISCOVERED","","2026-09-06T23:41:32.4166246+07:00"
"115","jeminise.com","jeminise.com+custom-sports-and-patriotism-football-on-american-flag-background-comforter-510823ee16-510823ee16","8834771779783","","custom-sports-and-patriotism-football-on-american-flag-background-comforter-510823ee16-510823ee16","https://jeminise.com/products/custom-sports-and-patriotism-football-on-american-flag-background-comforter-510823ee16-510823ee16","https://jeminise.com/collections/all/products/custom-sports-and-patriotism-football-on-american-flag-background-comforter-510823ee16-510823ee16","","Custom Sports and Patriotism Football on American Flag Background Comforter","Jeminise","Comforter","amazon-import, amazon-parent-b0drycbrpp, Comforter Set, Custom Blanket, Family Blanket, Personalized Blanket, Sports Comforter","2026-07-26T17:08:40-05:00","2026-07-26T16:42:48-05:00","2026-09-06T11:40:41-05:00","48","6","https://cdn.shopify.com/s/files/1/0792/5098/1063/files/29aa43c7b8307f34ac5d513cc57e1a002e1614f6867312a28dbfcab34d8673d2.jpg?v=1785102170","36.90","151.90","TRUE","collections/all/products.json","DISCOVERED","DISCOVERED","","2026-09-06T23:41:32.4166246+07:00"
"116","jeminise.com","jeminise.com+custom-transportation-semi-truck-on-geometric-background-comforter-284b7a6d0a-284b7a6d0a","8835553001671","","custom-transportation-semi-truck-on-geometric-background-comforter-284b7a6d0a-284b7a6d0a","https://jeminise.com/products/custom-transportation-semi-truck-on-geometric-background-comforter-284b7a6d0a-284b7a6d0a","https://jeminise.com/collections/all/products/custom-transportation-semi-truck-on-geometric-background-comforter-284b7a6d0a-284b7a6d0a","","Custom Transportation Semi Truck on Geometric Background Comforter","Jeminise","Comforter","amazon-import, amazon-parent-b0ds43sc11, Comforter Set, Custom Blanket, Custom Options, Personalized Blanket, Sports Comforter","2026-07-27T01:41:43-05:00","2026-07-27T01:11:08-05:00","2026-09-06T11:40:41-05:00","48","7","https://cdn.shopify.com/s/files/1/0792/5098/1063/files/e3cffbf07b04b7b1cfee06af43599e83f9be56de600af46f5316f032dc99acf2.jpg?v=1785132670","36.90","151.90","TRUE","collections/all/products.json","DISCOVERED","DISCOVERED","","2026-09-06T23:41:32.4166246+07:00"
"117","jeminise.com","jeminise.com+custom-tree-of-life-quilt-set-yggdrasil-bedding-97b4844050-97b4844050","8833356955847","","custom-tree-of-life-quilt-set-yggdrasil-bedding-97b4844050-97b4844050","https://jeminise.com/products/custom-tree-of-life-quilt-set-yggdrasil-bedding-97b4844050-97b4844050","https://jeminise.com/collections/all/products/custom-tree-of-life-quilt-set-yggdrasil-bedding-97b4844050-97b4844050","","Custom Tree of Life Quilt Set Celtic Yggdrasil Bedding","Jeminise","Quilt Sets","amazon-import, amazon-parent-b0dnsvy2qj, Custom Blanket, Family Blanket, Personalized Blanket, Quilt Set, Tree of Life Quilt","2026-07-26T01:44:21-05:00","2026-07-26T01:37:13-05:00","2026-09-06T11:40:41-05:00","15","7","https://cdn.shopify.com/s/files/1/0792/5098/1063/files/c444b502770c42ad4e54006a6da35b08abb6b8561de0b40bd0ad194fe3a3b7cc.jpg?v=1785047836","51.90","126.90","TRUE","collections/all/products.json","DISCOVERED","DISCOVERED","","2026-09-06T23:41:32.4166246+07:00"
"118","jeminise.com","jeminise.com+custom-tree-of-life-quilt-set-yggdrasil-bedding-0038a4731b-0038a4731b","8833357742279","","custom-tree-of-life-quilt-set-yggdrasil-bedding-0038a4731b-0038a4731b","https://jeminise.com/products/custom-tree-of-life-quilt-set-yggdrasil-bedding-0038a4731b-0038a4731b","https://jeminise.com/collections/all/products/custom-tree-of-life-quilt-set-yggdrasil-bedding-0038a4731b-0038a4731b","","Custom Tree of Life Quilt Set Celtic Yggdrasil Bedding for Bedroom Decor","Jeminise","Quilt Sets","amazon-import, amazon-parent-b0dnsvy2qj, Custom Quilt, Gift Quilt, Home Decor, Personalized Bedding, Quilt Set, Tree of Life Quilt","2026-07-26T01:44:21-05:00","2026-07-26T01:38:27-05:00","2026-09-06T11:40:41-05:00","15","7","https://cdn.shopify.com/s/files/1/0792/5098/1063/files/817e5ae89679a4e71582c6a358cd1fae8cb3daffbe7572ba4b64a510289666d1.jpg?v=1785047909","51.90","126.90","TRUE","collections/all/products.json","DISCOVERED","DISCOVERED","","2026-09-06T23:41:32.4166246+07:00"
"119","jeminise.com","jeminise.com+custom-trucking-semi-truck-breaking-through-stone-wall-comforter-7a6b616ec4-7a6b616ec4","8835559260359","","custom-trucking-semi-truck-breaking-through-stone-wall-comforter-7a6b616ec4-7a6b616ec4","https://jeminise.com/products/custom-trucking-semi-truck-breaking-through-stone-wall-comforter-7a6b616ec4-7a6b616ec4","https://jeminise.com/collections/all/products/custom-trucking-semi-truck-breaking-through-stone-wall-comforter-7a6b616ec4-7a6b616ec4","","Custom Trucking Semi Truck Breaking Through Stone Wall Comforter design 1","Jeminise","Comforter","amazon-import, amazon-parent-b0ds43sc11, Comforter Set, Custom Blanket, Dad Gift, Sports Comforter","2026-07-27T01:41:46-05:00","2026-07-27T01:32:43-05:00","2026-09-06T11:40:41-05:00","48","7","https://cdn.shopify.com/s/files/1/0792/5098/1063/files/64798931108d494249f5b0700040fbb5b72be151e6a92f9dddc29728c8a2e634.jpg?v=1785133965","36.90","151.90","TRUE","collections/all/products.json","DISCOVERED","DISCOVERED","","2026-09-06T23:41:32.4166246+07:00"
"120","jeminise.com","jeminise.com+custom-trucking-semi-truck-breaking-through-stone-wall-comforter-01281fb2d3-01281fb2d3","8835560276167","","custom-trucking-semi-truck-breaking-through-stone-wall-comforter-01281fb2d3-01281fb2d3","https://jeminise.com/products/custom-trucking-semi-truck-breaking-through-stone-wall-comforter-01281fb2d3-01281fb2d3","https://jeminise.com/collections/all/products/custom-trucking-semi-truck-breaking-through-stone-wall-comforter-01281fb2d3-01281fb2d3","","Custom Trucking Semi Truck Breaking Through Stone Wall Comforter design 2","Jeminise","Comforter","amazon-import, amazon-parent-b0ds43sc11, Comforter Set, Custom Blanket, Dad Gift, Personalized Blanket, Sports Comforter","2026-07-27T01:41:47-05:00","2026-07-27T01:33:50-05:00","2026-09-06T11:40:41-05:00","48","7","https://cdn.shopify.com/s/files/1/0792/5098/1063/files/61cfa1e5652b3ee7840107df63fda2bfb8cab4a35cb4a071430717a13e9de438.jpg?v=1785134032","36.90","151.90","TRUE","collections/all/products.json","DISCOVERED","DISCOVERED","","2026-09-06T23:41:32.4166246+07:00"
"121","jeminise.com","jeminise.com+custom-trucking-semi-truck-breaking-through-stone-wall-vintage-comforter-28a367022b-28a367022b","8835553263815","","custom-trucking-semi-truck-breaking-through-stone-wall-vintage-comforter-28a367022b-28a367022b","https://jeminise.com/products/custom-trucking-semi-truck-breaking-through-stone-wall-vintage-comforter-28a367022b-28a367022b","https://jeminise.com/collections/all/products/custom-trucking-semi-truck-breaking-through-stone-wall-vintage-comforter-28a367022b-28a367022b","","Custom Trucking Semi Truck Breaking Through Stone Wall Vintage Comforter","Jeminise","Comforter","amazon-import, amazon-parent-b0ds43sc11, Comforter Set, Custom Blanket, Personalized Blanket, Sports Comforter","2026-07-27T01:41:44-05:00","2026-07-27T01:13:48-05:00","2026-09-06T11:40:41-05:00","48","7","https://cdn.shopify.com/s/files/1/0792/5098/1063/files/f9c2de4b8fca94491645b16f68b222a2a8f2c0f2c1c7ca965804ab9fdffa4100.jpg?v=1785132830","36.90","151.90","TRUE","collections/all/products.json","DISCOVERED","DISCOVERED","","2026-09-06T23:41:32.4166246+07:00"
"122","jeminise.com","jeminise.com+custom-trucking-semi-truck-centered-on-chevron-background-comforter-cfef0beab9-cfef0beab9","8835558965447","","custom-trucking-semi-truck-centered-on-chevron-background-comforter-cfef0beab9-cfef0beab9","https://jeminise.com/products/custom-trucking-semi-truck-centered-on-chevron-background-comforter-cfef0beab9-cfef0beab9","https://jeminise.com/collections/all/products/custom-trucking-semi-truck-centered-on-chevron-background-comforter-cfef0beab9-cfef0beab9","","Custom Trucking Semi Truck Centered on Chevron Background Comforter","Jeminise","Comforter","Comforter Set, Custom Blanket, Dad Gift, Family Blanket, Personalized Blanket, Sports Comforter","2026-07-27T01:41:46-05:00","2026-07-27T01:30:25-05:00","2026-09-06T11:40:41-05:00","48","7","https://cdn.shopify.com/s/files/1/0792/5098/1063/files/1862d240d68540d29289e49b1720ec443c9161d27cbf293dee79f245738a053e.jpg?v=1785133827","36.90","151.90","TRUE","collections/all/products.json","DISCOVERED","DISCOVERED","","2026-09-06T23:41:32.4166246+07:00"
"123","jeminise.com","jeminise.com+custom-trucking-semi-truck-on-metallic-mesh-background-comforter-21d8f6bab6-21d8f6bab6","8835554345159","","custom-trucking-semi-truck-on-metallic-mesh-background-comforter-21d8f6bab6-21d8f6bab6","https://jeminise.com/products/custom-trucking-semi-truck-on-metallic-mesh-background-comforter-21d8f6bab6-21d8f6bab6","https://jeminise.com/collections/all/products/custom-trucking-semi-truck-on-metallic-mesh-background-comforter-21d8f6bab6-21d8f6bab6","","Custom Trucking Semi Truck on Metallic Mesh Background Comforter","Jeminise","Comforter","amazon-import, amazon-parent-b0ds43sc11, Comforter Set, Custom Blanket, Dad Gift, Personalized Blanket, Sports Comforter","2026-07-27T01:41:45-05:00","2026-07-27T01:16:18-05:00","2026-09-06T11:40:41-05:00","48","7","https://cdn.shopify.com/s/files/1/0792/5098/1063/files/c1922306dc0a397837af905e5e6342fafb647a7f1c2031512b1da8e16085715a.jpg?v=1785132980","36.90","151.90","TRUE","collections/all/products.json","DISCOVERED","DISCOVERED","","2026-09-06T23:41:32.4166246+07:00"
"124","jeminise.com","jeminise.com+custom-trucking-semi-truck-on-textured-metallic-background-comforter-5ee1903c53-5ee1903c53","8835553067207","","custom-trucking-semi-truck-on-textured-metallic-background-comforter-5ee1903c53-5ee1903c53","https://jeminise.com/products/custom-trucking-semi-truck-on-textured-metallic-background-comforter-5ee1903c53-5ee1903c53","https://jeminise.com/collections/all/products/custom-trucking-semi-truck-on-textured-metallic-background-comforter-5ee1903c53-5ee1903c53","","Custom Trucking Semi Truck on Textured Metallic Background Comforter","Jeminise","Comforter","amazon-import, amazon-parent-b0ds43sc11, Comforter Set, Custom Comforter, Personalised Gift, Sports Comforter, Trucker Bedding","2026-07-27T01:41:44-05:00","2026-07-27T01:12:31-05:00","2026-09-06T11:40:41-05:00","48","7","https://cdn.shopify.com/s/files/1/0792/5098/1063/files/57d38e66f2b34394bb485228e838a7ae63fbae56dfc5a6d11d528c6d41e4225a.jpg?v=1785132753","36.90","151.90","TRUE","collections/all/products.json","DISCOVERED","DISCOVERED","","2026-09-06T23:41:32.4166246+07:00"
"125","jeminise.com","jeminise.com+custom-trucking-semi-truck-under-starry-night-sky-comforter-6bbe1b0cd5-6bbe1b0cd5","8835550511303","","custom-trucking-semi-truck-under-starry-night-sky-comforter-6bbe1b0cd5-6bbe1b0cd5","https://jeminise.com/products/custom-trucking-semi-truck-under-starry-night-sky-comforter-6bbe1b0cd5-6bbe1b0cd5","https://jeminise.com/collections/all/products/custom-trucking-semi-truck-under-starry-night-sky-comforter-6bbe1b0cd5-6bbe1b0cd5","","Custom Trucking Semi Truck Under Starry Night Sky Comforter","Jeminise","Comforter","amazon-import, amazon-parent-b0ds43sc11, Comforter Set, Custom Blanket, Personalized Blanket, Sports Comforter","2026-07-27T01:41:41-05:00","2026-07-27T01:04:09-05:00","2026-09-06T11:40:41-05:00","48","7","https://cdn.shopify.com/s/files/1/0792/5098/1063/files/66486682f9ef934c1eee08c4d8d1b66c4f2c0764b327966d8b42831f194ce09c.jpg?v=1785132251","36.90","151.90","TRUE","collections/all/products.json","DISCOVERED","DISCOVERED","","2026-09-06T23:41:32.4166246+07:00"
"126","jeminise.com","jeminise.com+cardinal-christmas-quilt-set-7237701d00-7237701d00","8834711421127","","cardinal-christmas-quilt-set-7237701d00-7237701d00","https://jeminise.com/products/cardinal-christmas-quilt-set-7237701d00-7237701d00","https://jeminise.com/collections/all/products/cardinal-christmas-quilt-set-7237701d00-7237701d00","","Custom Two Cardinals on Holly Branches Quilt","Jeminise","Quilt","amazon-import, amazon-parent-b0djpc8jwx, Christmas Blanket, Christmas Quilt, Couple Blanket, Personalized Blanket, Quilt Set, Wildlife Quilt","2026-07-26T17:08:20-05:00","2026-07-26T15:50:24-05:00","2026-09-06T11:40:41-05:00","15","7","https://cdn.shopify.com/s/files/1/0792/5098/1063/files/118574be8aa324483555a5c07a7e0f89b235f456f217c4e560b5d20b9b8caca2.jpg?v=1785099027","51.90","126.90","TRUE","collections/all/products.json","DISCOVERED","DISCOVERED","","2026-09-06T23:41:32.4166246+07:00"
"127","jeminise.com","jeminise.com+custom-wildlife-wolf-head-close-up-portrait-comforter-3233b9edb7-3233b9edb7","8837116854471","","custom-wildlife-wolf-head-close-up-portrait-comforter-3233b9edb7-3233b9edb7","https://jeminise.com/products/custom-wildlife-wolf-head-close-up-portrait-comforter-3233b9edb7-3233b9edb7","https://jeminise.com/collections/all/products/custom-wildlife-wolf-head-close-up-portrait-comforter-3233b9edb7-3233b9edb7","","Custom Wildlife Wolf Head Close Up Portrait Quilt","Jeminise","Quilt","amazon-import, amazon-parent-b0d6txgk88, Custom Blanket, Family Blanket, Personalized Blanket, Quilt Set, Wildlife Quilt","2026-07-27T14:50:46-05:00","2026-07-27T14:39:57-05:00","2026-09-06T11:40:41-05:00","10","5","https://cdn.shopify.com/s/files/1/0792/5098/1063/files/d98912080910bd4204041b4cc5fda4e079916726c4bbf96a96c48300c109b9a3.jpg?v=1785181200","49.90","109.90","TRUE","collections/all/products.json","DISCOVERED","DISCOVERED","","2026-09-06T23:41:32.4166246+07:00"
"128","jeminise.com","jeminise.com+custom-wildlife-wolf-head-close-up-with-geometric-comforter-f005bbb79d-f005bbb79d","8837129535687","","custom-wildlife-wolf-head-close-up-with-geometric-comforter-f005bbb79d-f005bbb79d","https://jeminise.com/products/custom-wildlife-wolf-head-close-up-with-geometric-comforter-f005bbb79d-f005bbb79d","https://jeminise.com/collections/all/products/custom-wildlife-wolf-head-close-up-with-geometric-comforter-f005bbb79d-f005bbb79d","","Custom Wildlife Wolf Head Close Up with Geometric Quilt","Jeminise","Quilt","amazon-import, amazon-parent-b0d6txgk88, Custom Blanket, Family Blanket, Personalized Blanket, Quilt Set, Wildlife Quilt","2026-07-27T14:50:47-05:00","2026-07-27T14:43:11-05:00","2026-09-06T11:40:41-05:00","1","5","https://cdn.shopify.com/s/files/1/0792/5098/1063/files/fb99d33be77ccc490c5313b387c1b9a092e5691e9d9e6ec2620bba5259c62ca7.jpg?v=1785181393","49.90","49.90","TRUE","collections/all/products.json","DISCOVERED","DISCOVERED","","2026-09-06T23:41:32.4166246+07:00"
"129","jeminise.com","jeminise.com+custom-wildlife-wolf-head-with-feathers-in-profile-comforter-0b1ab59a17-0b1ab59a17","8837134844103","","custom-wildlife-wolf-head-with-feathers-in-profile-comforter-0b1ab59a17-0b1ab59a17","https://jeminise.com/products/custom-wildlife-wolf-head-with-feathers-in-profile-comforter-0b1ab59a17-0b1ab59a17","https://jeminise.com/collections/all/products/custom-wildlife-wolf-head-with-feathers-in-profile-comforter-0b1ab59a17-0b1ab59a17","","Custom Wildlife Wolf Head with Feathers in Profile Quilt","Jeminise","Quilt","amazon-import, amazon-parent-b0d6txgk88, Custom Blanket, Quilt Set, Wildlife Quilt, Wolf Native Quilt","2026-07-27T14:50:48-05:00","2026-07-27T14:44:29-05:00","2026-09-06T11:40:41-05:00","10","5","https://cdn.shopify.com/s/files/1/0792/5098/1063/files/1253d3cdaec810d23a956125b83478f66f286ecb5f5ed21d03a3f7393ca515f1.jpg?v=1785181472","49.90","109.90","TRUE","collections/all/products.json","DISCOVERED","DISCOVERED","","2026-09-06T23:41:32.4166246+07:00"
"130","jeminise.com","jeminise.com+custom-wolf-head-centered-in-dreamcatcher-comforter-be6b37a3e1-be6b37a3e1","8837122195655","","custom-wolf-head-centered-in-dreamcatcher-comforter-be6b37a3e1-be6b37a3e1","https://jeminise.com/products/custom-wolf-head-centered-in-dreamcatcher-comforter-be6b37a3e1-be6b37a3e1","https://jeminise.com/collections/all/products/custom-wolf-head-centered-in-dreamcatcher-comforter-be6b37a3e1-be6b37a3e1","","Custom Wolf Head Centered in Dreamcatcher Quilt","Jeminise","Quilt","amazon-import, amazon-parent-b0d6txgk88, Custom Blanket, Family Blanket, Personalized Blanket, Quilt Set, Wildlife Quilt","2026-07-27T14:50:47-05:00","2026-07-27T14:41:28-05:00","2026-09-06T11:40:41-05:00","10","5","https://cdn.shopify.com/s/files/1/0792/5098/1063/files/020fde2da418c08d9376ad45c1918438d55d39a2b4217c6ecc488895a8b7ff9b.jpg?v=1785181290","49.90","109.90","TRUE","collections/all/products.json","DISCOVERED","DISCOVERED","","2026-09-06T23:41:32.4166246+07:00"
"131","jeminise.com","jeminise.com+custom-wolf-wearing-headdress-centered-close-up-comforter-with-wolf-head-2d14ed690a-2d14ed690a","8837155815623","","custom-wolf-wearing-headdress-centered-close-up-comforter-with-wolf-head-2d14ed690a-2d14ed690a","https://jeminise.com/products/custom-wolf-wearing-headdress-centered-close-up-comforter-with-wolf-head-2d14ed690a-2d14ed690a","https://jeminise.com/collections/all/products/custom-wolf-wearing-headdress-centered-close-up-comforter-with-wolf-head-2d14ed690a-2d14ed690a","","Custom Wolf Wearing Headdress Centered Close Up Quilt with Wolf Head","Jeminise","Quilt","amazon-import, amazon-parent-b0d6txgk88, Custom Blanket, Personalized Blanket, Quilt Set, Wildlife Comforter, Wildlife Quilt","2026-07-27T14:50:51-05:00","2026-07-27T14:49:38-05:00","2026-09-06T11:40:41-05:00","10","5","https://cdn.shopify.com/s/files/1/0792/5098/1063/files/92889ae2e14818c2ed38210a813cef7474bdb31334189e1106e1b8056cb8d48a.jpg?v=1785181780","49.90","109.90","TRUE","collections/all/products.json","DISCOVERED","DISCOVERED","","2026-09-06T23:41:32.4166246+07:00"
"132","jeminise.com","jeminise.com+decorative-softball-bedding-set-bright-teal-yellow-sports-comforter","8867219341511","","decorative-softball-bedding-set-bright-teal-yellow-sports-comforter","https://jeminise.com/products/decorative-softball-bedding-set-bright-teal-yellow-sports-comforter","https://jeminise.com/collections/all/products/decorative-softball-bedding-set-bright-teal-yellow-sports-comforter","","Decorative Softball Bedding Set – Bright Teal Yellow Sports Comforter","Jeminise","Comforter Sets","amazon-import, amazon-parent-b0cjnfgzvk, Comforter Set, Easy Care, Softball Fan, Sports Bed Set, Sports Comforter","2026-08-20T12:05:53-05:00","2026-08-20T11:58:13-05:00","2026-09-06T11:40:41-05:00","12","7","https://cdn.shopify.com/s/files/1/0792/5098/1063/files/ec97adcabc8efa3e254940c29049d3f991d3a9337b05911f84ea8ee1e4dc827f.jpg?v=1787245095","61.90","121.90","TRUE","collections/all/products.json","DISCOVERED","DISCOVERED","","2026-09-06T23:41:32.4166246+07:00"
"133","jeminise.com","jeminise.com+desert-cactus-printed-quilt-set-vibrant-cactus-flower-quilt","8859639873735","","desert-cactus-printed-quilt-set-vibrant-cactus-flower-quilt","https://jeminise.com/products/desert-cactus-printed-quilt-set-vibrant-cactus-flower-quilt","https://jeminise.com/collections/all/products/desert-cactus-printed-quilt-set-vibrant-cactus-flower-quilt","","Desert Cactus Printed Quilt Set, Vibrant Cactus & Flower Quilt","Jeminise","Quilt Sets","amazon-import, amazon-parent-b0fj1r1bh2, Cactus, Easy Care, Floral Quilt, Great Gift Idea, Nature-Inspired, Quilt Set, Southwestern Style","2026-08-12T14:14:34-05:00","2026-08-12T14:11:56-05:00","2026-09-06T11:40:41-05:00","20","7","https://cdn.shopify.com/s/files/1/0792/5098/1063/files/18de86df55ee2186c85090364933216593d0955584ba88ec7dd6634f2a6788a1.jpg?v=1786561918","56.90","126.90","TRUE","collections/all/products.json","DISCOVERED","DISCOVERED","","2026-09-06T23:41:32.4166246+07:00"
"134","jeminise.com","jeminise.com+dragonfly-couple-quilt-set-dragonflies-patchwork-style-quilt-set","8867097346247","","dragonfly-couple-quilt-set-dragonflies-patchwork-style-quilt-set","https://jeminise.com/products/dragonfly-couple-quilt-set-dragonflies-patchwork-style-quilt-set","https://jeminise.com/collections/all/products/dragonfly-couple-quilt-set-dragonflies-patchwork-style-quilt-set","","Dragonfly Couple Quilt Set, Dragonflies Patchwork Style Quilt Set","Jeminise","Quilt Sets","amazon-import, amazon-parent-b0dr8q4jxb, Anniversary Gift, Birthday Gift, Christmas Gift, Couples & Family Blankets, Farmhouse Quilt, Personalized Blanket, Quilt Set","2026-08-20T09:04:10-05:00","2026-08-20T08:50:53-05:00","2026-09-06T11:40:41-05:00","20","7","https://cdn.shopify.com/s/files/1/0792/5098/1063/files/47c6483ee1ab65c91b228997718a0cc0a8da1a6a6088e37b690c9477e05a9ae2.jpg?v=1787233856","54.90","124.90","TRUE","collections/all/products.json","DISCOVERED","DISCOVERED","","2026-09-06T23:41:32.4166246+07:00"
"135","jeminise.com","jeminise.com+dragonfly-patchwork-pattern-quilt-set-animal-style-dragonfly-quilt","8867094200519","","dragonfly-patchwork-pattern-quilt-set-animal-style-dragonfly-quilt","https://jeminise.com/products/dragonfly-patchwork-pattern-quilt-set-animal-style-dragonfly-quilt","https://jeminise.com/collections/all/products/dragonfly-patchwork-pattern-quilt-set-animal-style-dragonfly-quilt","","Dragonfly Patchwork Pattern Quilt Set, Animal Style, Dragonfly Quilt","Jeminise","Quilt Sets","amazon-import, amazon-parent-b0dr8q4jxb, Custom Quilt, Dragonfly, Farmhouse Print, Gift For Family, Personalized Quilt, Quilt Set, Wildlife Quilt","2026-08-20T09:04:00-05:00","2026-08-20T08:47:04-05:00","2026-09-06T11:40:41-05:00","20","7","https://cdn.shopify.com/s/files/1/0792/5098/1063/files/b404a8fba42f9d481701bdd09ae871424aa17c514ee39c8987c4253369610ee9.jpg?v=1787233627","54.90","124.90","TRUE","collections/all/products.json","DISCOVERED","DISCOVERED","","2026-09-06T23:41:32.4166246+07:00"
"136","jeminise.com","jeminise.com+dragonfly-patchwork-quilt-set-animal-patchwork-bedset-dragonfly","8867095216327","","dragonfly-patchwork-quilt-set-animal-patchwork-bedset-dragonfly","https://jeminise.com/products/dragonfly-patchwork-quilt-set-animal-patchwork-bedset-dragonfly","https://jeminise.com/collections/all/products/dragonfly-patchwork-quilt-set-animal-patchwork-bedset-dragonfly","","Dragonfly Patchwork Quilt Set, Animal Patchwork Bedset - Dragonfly","Jeminise","Quilt Sets","amazon-import, amazon-parent-b0dr8q4jxb, Custom Blanket, Daughter Gift, Farmhouse Quilt, Personalized Blanket, Quilt Set, Wildlife Quilt","2026-08-20T09:04:06-05:00","2026-08-20T08:48:18-05:00","2026-09-06T11:40:41-05:00","20","7","https://cdn.shopify.com/s/files/1/0792/5098/1063/files/0a3408f9531e3a0c073fefe9e8b45e68486840fbce54d055d8d9bfce089f279b.jpg?v=1787233701","54.90","124.90","TRUE","collections/all/products.json","DISCOVERED","DISCOVERED","","2026-09-06T23:41:32.4166246+07:00"
"137","jeminise.com","jeminise.com+dragonfly-pattern-quilt-set-dragonflies-vintage-quilt-set-patchwork","8867093741767","","dragonfly-pattern-quilt-set-dragonflies-vintage-quilt-set-patchwork","https://jeminise.com/products/dragonfly-pattern-quilt-set-dragonflies-vintage-quilt-set-patchwork","https://jeminise.com/collections/all/products/dragonfly-pattern-quilt-set-dragonflies-vintage-quilt-set-patchwork","","Dragonfly Pattern Quilt Set, Dragonflies Vintage Quilt Set Patchwork","Jeminise","Quilt Sets","amazon-import, amazon-parent-b0dr8q4jxb, Custom Quilt, Daughter Gift, Dragonfly Quilt, Farmhouse Quilt, Mom Gift, Personalized Quilt, Quilt Set","2026-08-20T09:03:59-05:00","2026-08-20T08:46:19-05:00","2026-09-06T11:40:41-05:00","20","7","https://cdn.shopify.com/s/files/1/0792/5098/1063/files/d42c647b4b706bfbd5848e9a710dc0ab52b9128d5478ff315a703f27f50d0183.jpg?v=1787233586","54.90","124.90","TRUE","collections/all/products.json","DISCOVERED","DISCOVERED","","2026-09-06T23:41:32.4166246+07:00"
"138","jeminise.com","jeminise.com+elephant-patchwork-pattern-quilt-set-animal-farmhouse-quilt-set","8867094462663","","elephant-patchwork-pattern-quilt-set-animal-farmhouse-quilt-set","https://jeminise.com/products/elephant-patchwork-pattern-quilt-set-animal-farmhouse-quilt-set","https://jeminise.com/collections/all/products/elephant-patchwork-pattern-quilt-set-animal-farmhouse-quilt-set","","Elephant Patchwork Pattern Quilt Set, Animal Farmhouse Quilt Set","Jeminise","Quilt Sets","amazon-import, amazon-parent-b0dr8q4jxb, Christmas Quilt, Dad Gift, Family Blanket, Farmhouse Print, Mom Gift, Personalized Blanket, Quilt Set","2026-08-20T09:04:01-05:00","2026-08-20T08:47:17-05:00","2026-09-06T11:40:41-05:00","20","7","https://cdn.shopify.com/s/files/1/0792/5098/1063/files/ea21b70f3fb4642a1043a9903531bdce9cd4becbb80c3e41b039d9210d971bcf.jpg?v=1787233639","54.90","124.90","TRUE","collections/all/products.json","DISCOVERED","DISCOVERED","","2026-09-06T23:41:32.4166246+07:00"
"139","jeminise.com","jeminise.com+elephant-quilt-set-animal-patchwork-printed-quilt-bedset-patchwork","8867095838919","","elephant-quilt-set-animal-patchwork-printed-quilt-bedset-patchwork","https://jeminise.com/products/elephant-quilt-set-animal-patchwork-printed-quilt-bedset-patchwork","https://jeminise.com/collections/all/products/elephant-quilt-set-animal-patchwork-printed-quilt-bedset-patchwork","","Elephant Quilt Set, Animal Patchwork Printed Quilt Bedset, Patchwork","Jeminise","Quilt Sets","amazon-import, amazon-parent-b0dr8q4jxb, Christmas Gift, Elephant Quilt, Farmhouse Quilt, Gift For Dad, Gift For Mom, Personalized Quilt, Quilt Set","2026-08-20T09:04:09-05:00","2026-08-20T08:48:54-05:00","2026-09-06T11:40:41-05:00","20","7","https://cdn.shopify.com/s/files/1/0792/5098/1063/files/e3eaedebd00b476d6c6e0385f4c3d5cb3a23400badf1571d38c57295349d8397.jpg?v=1787233736","54.90","124.90","TRUE","collections/all/products.json","DISCOVERED","DISCOVERED","","2026-09-06T23:41:32.4166246+07:00"
"140","jeminise.com","jeminise.com+fantasy-art-fantasy-dragon-comforter-set-with-dragon-scales-and-bedroom-setting-239aaba3e2-239aaba3e2","8833333493959","","fantasy-art-fantasy-dragon-comforter-set-with-dragon-scales-and-bedroom-setting-239aaba3e2-239aaba3e2","https://jeminise.com/products/fantasy-art-fantasy-dragon-comforter-set-with-dragon-scales-and-bedroom-setting-239aaba3e2-239aaba3e2","https://jeminise.com/collections/all/products/fantasy-art-fantasy-dragon-comforter-set-with-dragon-scales-and-bedroom-setting-239aaba3e2-239aaba3e2","","Fantasy Art Fantasy Dragon Quilt Set with Dragon Scales And Bedroom Setting","Jeminise","Quilt Sets","amazon-import, amazon-parent-b0c6tlhcrv, Custom Blanket, Dragon Gift, Fantasy Blankets, Kids Bedding, Quilt Set","2026-07-26T01:14:54-05:00","2026-07-26T01:13:10-05:00","2026-09-06T11:40:41-05:00","10","7","https://cdn.shopify.com/s/files/1/0792/5098/1063/files/0b127d2469cd13b91c34f523d93af494f30715233b3225786c6ec2936379f6e6.jpg?v=1785046392","51.90","116.90","TRUE","collections/all/products.json","DISCOVERED","DISCOVERED","","2026-09-06T23:41:32.4166246+07:00"
"141","jeminise.com","jeminise.com+fantasy-fire-dragon-comforter-set-with-glowing-lava-and-bedroom-setting-c7ca9ae893-c7ca9ae893","8833336115399","","fantasy-fire-dragon-comforter-set-with-glowing-lava-and-bedroom-setting-c7ca9ae893-c7ca9ae893","https://jeminise.com/products/fantasy-fire-dragon-comforter-set-with-glowing-lava-and-bedroom-setting-c7ca9ae893-c7ca9ae893","https://jeminise.com/collections/all/products/fantasy-fire-dragon-comforter-set-with-glowing-lava-and-bedroom-setting-c7ca9ae893-c7ca9ae893","","Fantasy Fire Dragon Quilt Set with Glowing Lava And Bedroom Setting","Jeminise","Quilt Sets","amazon-import, amazon-parent-b0c6tlhcrv, Custom Blanket, Fantasy Blankets, Personalized Blanket, Quilt Set","2026-07-26T01:44:22-05:00","2026-07-26T01:16:13-05:00","2026-09-06T11:40:41-05:00","10","5","https://cdn.shopify.com/s/files/1/0792/5098/1063/files/c4d0fd722455bba238bd299b941b3a17d42c91a26bd18c6f1208c8a0c855db71.jpg?v=1785046575","51.90","116.90","TRUE","collections/all/products.json","DISCOVERED","DISCOVERED","","2026-09-06T23:41:32.4166246+07:00"
"142","jeminise.com","jeminise.com+fantasy-mythical-dragon-comforter-set-with-winged-dragon-and-bedroom-setting-bcfc28e9d3-bcfc28e9d3","8833331822791","","fantasy-mythical-dragon-comforter-set-with-winged-dragon-and-bedroom-setting-bcfc28e9d3-bcfc28e9d3","https://jeminise.com/products/fantasy-mythical-dragon-comforter-set-with-winged-dragon-and-bedroom-setting-bcfc28e9d3-bcfc28e9d3","https://jeminise.com/collections/all/products/fantasy-mythical-dragon-comforter-set-with-winged-dragon-and-bedroom-setting-bcfc28e9d3-bcfc28e9d3","","Fantasy Mythical Dragon Quilt Set with Winged Dragon And Bedroom Setting","Jeminise","Quilt Sets","amazon-import, amazon-parent-b0c6tlhcrv, Custom Blanket, Fantasy Blankets, Personalized Blanket, Quilt Set, Wildlife Quilt","2026-07-26T01:14:55-05:00","2026-07-26T01:11:11-05:00","2026-09-06T11:40:41-05:00","10","5","https://cdn.shopify.com/s/files/1/0792/5098/1063/files/eae477fdaa97e3fdca2ab3391d0017b16b984464bea16f0ed965f5f3ba5c7467.jpg?v=1785046274","51.90","116.90","TRUE","collections/all/products.json","DISCOVERED","DISCOVERED","","2026-09-06T23:41:32.4166246+07:00"
"143","jeminise.com","jeminise.com+fantasy-nature-tree-of-life-quilt-set-with-entwined-golden-roots-and-bedroom-setting-9ad124a9ad-9ad124a9ad","8833354268871","","fantasy-nature-tree-of-life-quilt-set-with-entwined-golden-roots-and-bedroom-setting-9ad124a9ad-9ad124a9ad","https://jeminise.com/products/fantasy-nature-tree-of-life-quilt-set-with-entwined-golden-roots-and-bedroom-setting-9ad124a9ad-9ad124a9ad","https://jeminise.com/collections/all/products/fantasy-nature-tree-of-life-quilt-set-with-entwined-golden-roots-and-bedroom-setting-9ad124a9ad-9ad124a9ad","","Fantasy Nature Tree of Life Quilt Set with Entwined Golden Roots And Bedroom Setting","Jeminise","Quilt Sets","amazon-import, amazon-parent-b0dnsvy2qj, Custom Blanket, Fantasy Blankets, Personalized Blanket, Quilt Set, Tree of Life Quilt","2026-07-26T01:44:23-05:00","2026-07-26T01:33:59-05:00","2026-09-06T11:40:41-05:00","15","7","https://cdn.shopify.com/s/files/1/0792/5098/1063/files/e66d4264844973bf2fc3c9d45eddb2de13062133a35eb290dd2e57828457ae96.jpg?v=1785047641","51.90","126.90","TRUE","collections/all/products.json","DISCOVERED","DISCOVERED","","2026-09-06T23:41:32.4166246+07:00"
"144","jeminise.com","jeminise.com+fantasy-nature-tree-of-life-quilt-set-with-twisted-tree-trunk-and-bedroom-4dbc5a5b98-4dbc5a5b98","8833355350215","","fantasy-nature-tree-of-life-quilt-set-with-twisted-tree-trunk-and-bedroom-4dbc5a5b98-4dbc5a5b98","https://jeminise.com/products/fantasy-nature-tree-of-life-quilt-set-with-twisted-tree-trunk-and-bedroom-4dbc5a5b98-4dbc5a5b98","https://jeminise.com/collections/all/products/fantasy-nature-tree-of-life-quilt-set-with-twisted-tree-trunk-and-bedroom-4dbc5a5b98-4dbc5a5b98","","Fantasy Nature Tree of Life Quilt Set with Twisted Tree Trunk And Bedroom","Jeminise","Quilt Sets","amazon-import, amazon-parent-b0dnsvy2qj, Custom Blanket, Family Blanket, Fantasy Blankets, Personalized Blanket, Quilt Set, Tree of Life Quilt","2026-07-26T01:44:23-05:00","2026-07-26T01:35:21-05:00","2026-09-06T11:40:41-05:00","15","6","https://cdn.shopify.com/s/files/1/0792/5098/1063/files/a65d7ac7a8f7f7e983b00e3d7f2c80dfe5c3dfba4b2c5562d979b2867a75b9a9.jpg?v=1785047723","51.90","126.90","TRUE","collections/all/products.json","DISCOVERED","DISCOVERED","","2026-09-06T23:41:32.4166246+07:00"
"145","jeminise.com","jeminise.com+fantasy-comforter-set-with-dragon-and-bedroom-and-fire-and-spikes-9008eacaf3-9008eacaf3","8833335099591","","fantasy-comforter-set-with-dragon-and-bedroom-and-fire-and-spikes-9008eacaf3-9008eacaf3","https://jeminise.com/products/fantasy-comforter-set-with-dragon-and-bedroom-and-fire-and-spikes-9008eacaf3-9008eacaf3","https://jeminise.com/collections/all/products/fantasy-comforter-set-with-dragon-and-bedroom-and-fire-and-spikes-9008eacaf3-9008eacaf3","","Fantasy Quilt Set with Dragon and Bedroom and Fire And Spikes","Jeminise","Quilt Sets","amazon-import, amazon-parent-b0c6tlhcrv, Custom Bedding, Dragon Gift, Fantasy Bedding, Kids Bedding, Personalized Quilt, Quilt Set","2026-07-26T01:14:55-05:00","2026-07-26T01:14:37-05:00","2026-09-06T11:40:41-05:00","10","5","https://cdn.shopify.com/s/files/1/0792/5098/1063/files/16b2a7500baa52d57db1e163763d075142abbc3bb7aef362e0f069d8dbc4ff84.jpg?v=1785046479","51.90","116.90","TRUE","collections/all/products.json","DISCOVERED","DISCOVERED","","2026-09-06T23:41:32.4166246+07:00"
"146","jeminise.com","jeminise.com+fantasy-winged-dragon-comforter-set-with-starry-nebula-pattern-and-bedroom-setting-d228ce3712-d228ce3712","8833328414919","","fantasy-winged-dragon-comforter-set-with-starry-nebula-pattern-and-bedroom-setting-d228ce3712-d228ce3712","https://jeminise.com/products/fantasy-winged-dragon-comforter-set-with-starry-nebula-pattern-and-bedroom-setting-d228ce3712-d228ce3712","https://jeminise.com/collections/all/products/fantasy-winged-dragon-comforter-set-with-starry-nebula-pattern-and-bedroom-setting-d228ce3712-d228ce3712","","Fantasy Winged Dragon Quilt Set with Starry Nebula Pattern And Bedroom Setting","Jeminise","Quilt Sets","amazon-import, amazon-parent-b0c6tlhcrv, Custom Blanket, Fantasy Blankets, Personalized Blanket, Quilt Set, Wildlife Quilt","2026-07-26T01:14:56-05:00","2026-07-26T01:07:29-05:00","2026-09-06T11:40:41-05:00","10","5","https://cdn.shopify.com/s/files/1/0792/5098/1063/files/cdfb2abc2375160a8704f9ec9d3c4be2c8f8852d5e6f2aae6e84f0cc5f8d0810.jpg?v=1785046051","51.90","111.90","TRUE","collections/all/products.json","DISCOVERED","DISCOVERED","","2026-09-06T23:41:32.4166246+07:00"
"147","jeminise.com","jeminise.com+fantasy-winged-dragon-comforter-set-with-volcanic-eruption-and-bedroom-258009c125-258009c125","8833330806983","","fantasy-winged-dragon-comforter-set-with-volcanic-eruption-and-bedroom-258009c125-258009c125","https://jeminise.com/products/fantasy-winged-dragon-comforter-set-with-volcanic-eruption-and-bedroom-258009c125-258009c125","https://jeminise.com/collections/all/products/fantasy-winged-dragon-comforter-set-with-volcanic-eruption-and-bedroom-258009c125-258009c125","","Fantasy Winged Dragon Quilt Set with Volcanic Eruption And Bedroom","Jeminise","Quilt Sets","amazon-import, amazon-parent-b0c6tlhcrv, Custom Blanket, Fantasy Blankets, Personalized Blanket, Quilt Set, Wildlife Quilt","2026-07-26T01:14:57-05:00","2026-07-26T01:09:16-05:00","2026-09-06T11:40:41-05:00","15","5","https://cdn.shopify.com/s/files/1/0792/5098/1063/files/94001394196306ca9b1b0d683fd420fd7088a94b484c78bd3b50c3693317b348.jpg?v=1785046158","51.90","111.90","TRUE","collections/all/products.json","DISCOVERED","DISCOVERED","","2026-09-06T23:41:32.4166246+07:00"
"148","jeminise.com","jeminise.com+floral-nature-cardinal-within-ornate-oval-frame-patchwork-winter-quilt-88ef309589-88ef309589","8834736488647","","floral-nature-cardinal-within-ornate-oval-frame-patchwork-winter-quilt-88ef309589-88ef309589","https://jeminise.com/products/floral-nature-cardinal-within-ornate-oval-frame-patchwork-winter-quilt-88ef309589-88ef309589","https://jeminise.com/collections/all/products/floral-nature-cardinal-within-ornate-oval-frame-patchwork-winter-quilt-88ef309589-88ef309589","","Floral Nature Cardinal Within Ornate Oval Frame Patchwork Winter Quilt","Jeminise","Quilt","amazon-import, amazon-parent-b0djpc8jwx, Christmas Quilt, Custom Blanket, Personalized Blanket, Quilt Set, Wildlife Quilt","2026-07-26T17:08:26-05:00","2026-07-26T16:01:14-05:00","2026-09-06T11:40:41-05:00","15","5","https://cdn.shopify.com/s/files/1/0792/5098/1063/files/28cdf69b4ac6725594ea1a837ebe8c207ad2e3bc3eaa00dcae9c37f372a06930.jpg?v=1785099676","51.90","126.90","TRUE","collections/all/products.json","DISCOVERED","DISCOVERED","","2026-09-06T23:41:32.4166246+07:00"
"149","jeminise.com","jeminise.com+folklore-tree-of-life-in-celtic-knot-quilt-40ab1f6113-40ab1f6113","8834799861959","","folklore-tree-of-life-in-celtic-knot-quilt-40ab1f6113-40ab1f6113","https://jeminise.com/products/folklore-tree-of-life-in-celtic-knot-quilt-40ab1f6113-40ab1f6113","https://jeminise.com/collections/all/products/folklore-tree-of-life-in-celtic-knot-quilt-40ab1f6113-40ab1f6113","","Folklore Tree of Life in Celtic Knot Quilt","Jeminise","Quilt","amazon-import, amazon-parent-b0d9rsvzhx, Custom Blanket, Family Blanket, Personalized Blanket, Quilt Set, Tree of Life Quilt, Viking Decor","2026-07-26T23:29:29-05:00","2026-07-26T17:13:12-05:00","2026-09-06T11:40:41-05:00","15","7","https://cdn.shopify.com/s/files/1/0792/5098/1063/files/404ed5803f051b4bd7cf074f2d1676bab70b65623b4817a5ec6c069f82efdddf.jpg?v=1785103994","51.90","116.90","TRUE","collections/all/products.json","DISCOVERED","DISCOVERED","","2026-09-06T23:41:32.4166246+07:00"
"150","jeminise.com","jeminise.com+fox-patchwork-pattern-quilt-set-animal-quilt-set-patchwork-style","8867094888647","","fox-patchwork-pattern-quilt-set-animal-quilt-set-patchwork-style","https://jeminise.com/products/fox-patchwork-pattern-quilt-set-animal-quilt-set-patchwork-style","https://jeminise.com/collections/all/products/fox-patchwork-pattern-quilt-set-animal-quilt-set-patchwork-style","","Fox Patchwork Pattern Quilt Set, Animal Quilt Set Patchwork Style","Jeminise","Quilt Sets","amazon-import, amazon-parent-b0dr8q4jxb, Christmas Quilt, Daughter Quilt, Farmhouse Quilt, Mom Quilt, New Year Gift, Personalized Quilt, Quilt Set","2026-08-20T09:04:04-05:00","2026-08-20T08:47:46-05:00","2026-09-06T11:40:41-05:00","20","7","https://cdn.shopify.com/s/files/1/0792/5098/1063/files/988722264f93b7f929168547b94fc3474fc0ce389c8526bb822d4377a564c29d.jpg?v=1787233669","54.90","124.90","TRUE","collections/all/products.json","DISCOVERED","DISCOVERED","","2026-09-06T23:41:32.4166246+07:00"
"151","jeminise.com","jeminise.com+giraffe-patchwork-style-printed-quilt-animal-patchwork-bedding","8867094364359","","giraffe-patchwork-style-printed-quilt-animal-patchwork-bedding","https://jeminise.com/products/giraffe-patchwork-style-printed-quilt-animal-patchwork-bedding","https://jeminise.com/collections/all/products/giraffe-patchwork-style-printed-quilt-animal-patchwork-bedding","","Giraffe Patchwork Style Printed Quilt, Animal Patchwork Bedding","Jeminise","Quilt Sets","amazon-import, amazon-parent-b0dr8q4jxb, Christmas Gift, Family Blanket, Farmhouse Quilt, New Year Gift, Personalized Blanket, Quilt Set","2026-08-20T09:04:00-05:00","2026-08-20T08:47:13-05:00","2026-09-06T11:40:41-05:00","20","7","https://cdn.shopify.com/s/files/1/0792/5098/1063/files/603c040a548d71a824cef1c6f7a26003ffc38ac45191f307365700954d9f5728.jpg?v=1787233635","54.90","124.90","TRUE","collections/all/products.json","DISCOVERED","DISCOVERED","","2026-09-06T23:41:32.4166246+07:00"
"152","jeminise.com","jeminise.com+horse-patchwork-pattern-quilt-set-vintage-animal-quilt-printed","8867094626503","","horse-patchwork-pattern-quilt-set-vintage-animal-quilt-printed","https://jeminise.com/products/horse-patchwork-pattern-quilt-set-vintage-animal-quilt-printed","https://jeminise.com/collections/all/products/horse-patchwork-pattern-quilt-set-vintage-animal-quilt-printed","","Horse Patchwork Pattern Quilt Set, Vintage Animal Quilt Printed","Jeminise","Quilt Sets","amazon-import, amazon-parent-b0dr8q4jxb, Christmas Quilt, Dad Gift, Farmhouse Quilt, Mom Gift, Personalized Blanket, Quilt Set","2026-08-20T09:04:02-05:00","2026-08-20T08:47:27-05:00","2026-09-06T11:40:41-05:00","20","7","https://cdn.shopify.com/s/files/1/0792/5098/1063/files/6af34be75f66e81fc6baf14d54a155fe69d04261be33ea9d8242b2b79aa2796b.jpg?v=1787233650","54.90","124.90","TRUE","collections/all/products.json","DISCOVERED","DISCOVERED","","2026-09-06T23:41:32.4166246+07:00"
"153","jeminise.com","jeminise.com+horse-patchwork-pattern-quilt-animal-farmhouse-quilt-set-patchwork","8867095642311","","horse-patchwork-pattern-quilt-animal-farmhouse-quilt-set-patchwork","https://jeminise.com/products/horse-patchwork-pattern-quilt-animal-farmhouse-quilt-set-patchwork","https://jeminise.com/collections/all/products/horse-patchwork-pattern-quilt-animal-farmhouse-quilt-set-patchwork","","Horse Patchwork Pattern Quilt, Animal Farmhouse Quilt Set Patchwork","Jeminise","Quilt Sets","amazon-import, amazon-parent-b0dr8q4jxb, Christmas Quilt, Custom Quilt, Family Blanket, Mom Gift, Personalized Quilt, Quilt Set, Wildlife Quilt","2026-08-20T09:04:08-05:00","2026-08-20T08:48:41-05:00","2026-09-06T11:40:41-05:00","20","7","https://cdn.shopify.com/s/files/1/0792/5098/1063/files/308fce3bc8e7b3da92f3a34fe3e3b89808e57502942118ab0f1ef711df9ac3b6.jpg?v=1787233723","54.90","124.90","TRUE","collections/all/products.json","DISCOVERED","DISCOVERED","","2026-09-06T23:41:32.4166246+07:00"
"154","jeminise.com","jeminise.com+i-am-who-he-says-i-am-christian-scripture-blanket-inspirational","8860132835527","","i-am-who-he-says-i-am-christian-scripture-blanket-inspirational","https://jeminise.com/products/i-am-who-he-says-i-am-christian-scripture-blanket-inspirational","https://jeminise.com/collections/all/products/i-am-who-he-says-i-am-christian-scripture-blanket-inspirational","","I Am Who He Says I Am Christian Scripture Blanket – Inspirational","Jeminise","Blanket","amazon-import, amazon-parent-b0g5ppbxw5, Blanket, Christian & Baptism Blankets, Custom Blanket, Faith Gift, Inspirational Gift, Personalized Blanket, Religious Gift","2026-08-13T00:06:06-05:00","2026-08-12T23:54:36-05:00","2026-09-06T11:40:41-05:00","8","8","https://cdn.shopify.com/s/files/1/0792/5098/1063/files/6737389aad72a58c884a7adf23d056ba2152a97cc0c1fb9d53091e1333692b0d.jpg?v=1786596878","26.90","76.90","TRUE","collections/all/products.json","DISCOVERED","DISCOVERED","","2026-09-06T23:41:32.4166246+07:00"
"155","jeminise.com","jeminise.com+nature-and-mythology-tree-of-life-quilt-set-with-twisted-tree-trunk-ceb2e637d5-ceb2e637d5","8833343815879","","nature-and-mythology-tree-of-life-quilt-set-with-twisted-tree-trunk-ceb2e637d5-ceb2e637d5","https://jeminise.com/products/nature-and-mythology-tree-of-life-quilt-set-with-twisted-tree-trunk-ceb2e637d5-ceb2e637d5","https://jeminise.com/collections/all/products/nature-and-mythology-tree-of-life-quilt-set-with-twisted-tree-trunk-ceb2e637d5-ceb2e637d5","","Nature and Mythology Tree of Life Quilt Set With Twisted Tree Trunk","Jeminise","Quilt Sets","amazon-import, amazon-parent-b0dnsvy2qj, Custom Blanket, Personalized Blanket, Quilt Set, Tree of Life Quilt, Wildlife Quilt","2026-07-26T01:44:24-05:00","2026-07-26T01:23:19-05:00","2026-09-06T11:40:41-05:00","15","7","https://cdn.shopify.com/s/files/1/0792/5098/1063/files/0d785f9d31ce0e89974aacf5b9eaa683a70fa09eff8afaf8a37bfe59e9dde191.jpg?v=1785047001","51.90","126.90","TRUE","collections/all/products.json","DISCOVERED","DISCOVERED","","2026-09-06T23:41:32.4166246+07:00"
"156","jeminise.com","jeminise.com+nature-tree-of-life-quilt-set-with-blooming-tree-and-bedroom-and-exposed-roots-d5450715a6-d5450715a6","8833359675591","","nature-tree-of-life-quilt-set-with-blooming-tree-and-bedroom-and-exposed-roots-d5450715a6-d5450715a6","https://jeminise.com/products/nature-tree-of-life-quilt-set-with-blooming-tree-and-bedroom-and-exposed-roots-d5450715a6-d5450715a6","https://jeminise.com/collections/all/products/nature-tree-of-life-quilt-set-with-blooming-tree-and-bedroom-and-exposed-roots-d5450715a6-d5450715a6","","Nature Tree of Life Quilt Set with Blooming Tree and Bedroom And Exposed Roots","Jeminise","Quilt Sets","amazon-import, amazon-parent-b0dnsvy2qj, Custom Blanket, Family Blanket, Personalized Blanket, Quilt Set, Tree of Life Quilt","2026-07-26T01:44:24-05:00","2026-07-26T01:41:38-05:00","2026-09-06T11:40:41-05:00","15","7","https://cdn.shopify.com/s/files/1/0792/5098/1063/files/a7d2efc7deb85e2fb4648b297cac99db2b435e8c07e23380ec6cb6604ea179d2.jpg?v=1785048100","51.90","126.90","TRUE","collections/all/products.json","DISCOVERED","DISCOVERED","","2026-09-06T23:41:32.4166246+07:00"
"157","jeminise.com","jeminise.com+nature-tree-of-life-quilt-set-with-stained-glass-pattern-and-bedroom-2eedde5b65-2eedde5b65","8833360691399","","nature-tree-of-life-quilt-set-with-stained-glass-pattern-and-bedroom-2eedde5b65-2eedde5b65","https://jeminise.com/products/nature-tree-of-life-quilt-set-with-stained-glass-pattern-and-bedroom-2eedde5b65-2eedde5b65","https://jeminise.com/collections/all/products/nature-tree-of-life-quilt-set-with-stained-glass-pattern-and-bedroom-2eedde5b65-2eedde5b65","","Nature Tree of Life Quilt Set with Stained Glass Pattern And Bedroom","Jeminise","Quilt Sets","amazon-import, amazon-parent-b0dnsvy2qj, Custom Blanket, Family Blanket, Floral Quilt, Quilt Set, Tree of Life Quilt","2026-07-26T01:44:24-05:00","2026-07-26T01:43:18-05:00","2026-09-06T11:40:41-05:00","15","7","https://cdn.shopify.com/s/files/1/0792/5098/1063/files/798a81c889e1d749b31d13edf96aca3d142c5bf614c87ef95bf3200858f8f476.jpg?v=1785048200","51.90","126.90","TRUE","collections/all/products.json","DISCOVERED","DISCOVERED","","2026-09-06T23:41:32.4166246+07:00"
"158","jeminise.com","jeminise.com+norse-mythology-mjolnir-with-skull-within-circular-celtic-quilt-621115581a-621115581a","8834805203143","","norse-mythology-mjolnir-with-skull-within-circular-celtic-quilt-621115581a-621115581a","https://jeminise.com/products/norse-mythology-mjolnir-with-skull-within-circular-celtic-quilt-621115581a-621115581a","https://jeminise.com/collections/all/products/norse-mythology-mjolnir-with-skull-within-circular-celtic-quilt-621115581a-621115581a","","Norse Mythology Mjolnir with Skull Within Circular Celtic Quilt","Jeminise","Quilt","amazon-import, amazon-parent-b0d9rsvzhx, Custom Blanket, Family Blanket, Personalized Blanket, Quilt Set, Tree of Life Quilt","2026-07-26T23:29:30-05:00","2026-07-26T17:18:33-05:00","2026-09-06T11:40:41-05:00","15","7","https://cdn.shopify.com/s/files/1/0792/5098/1063/files/b1b911d16262f2f4d5f58d82a3bc311cb733430b228184a2d50827d04d25ba3a.jpg?v=1785104315","51.90","116.90","TRUE","collections/all/products.json","DISCOVERED","DISCOVERED","","2026-09-06T23:41:32.4166246+07:00"
"159","jeminise.com","jeminise.com+norse-mythology-quilt-with-ravens-b8220cc38c-b8220cc38c","8834807234759","","norse-mythology-quilt-with-ravens-b8220cc38c-b8220cc38c","https://jeminise.com/products/norse-mythology-quilt-with-ravens-b8220cc38c-b8220cc38c","https://jeminise.com/collections/all/products/norse-mythology-quilt-with-ravens-b8220cc38c-b8220cc38c","","Norse Mythology Quilt with Ravens","Jeminise","Quilt","amazon-import, amazon-parent-b0d9rsvzhx, Custom Blanket, Family Blanket, Family Gift, Personalized Blanket, Quilt Set, Tree of Life Quilt","2026-07-26T23:29:31-05:00","2026-07-26T17:21:27-05:00","2026-09-06T11:40:41-05:00","15","7","https://cdn.shopify.com/s/files/1/0792/5098/1063/files/3f718bdd4d315ac875d9f66959aa006f075499da406f0e6f240382c391d54699.jpg?v=1785104490","51.90","116.90","TRUE","collections/all/products.json","DISCOVERED","DISCOVERED","","2026-09-06T23:41:32.4166246+07:00"
"160","jeminise.com","jeminise.com+norse-mythology-raven-centered-within-runic-circle-comforter-ab76500bc1-ab76500bc1","8834809528519","","norse-mythology-raven-centered-within-runic-circle-comforter-ab76500bc1-ab76500bc1","https://jeminise.com/products/norse-mythology-raven-centered-within-runic-circle-comforter-ab76500bc1-ab76500bc1","https://jeminise.com/collections/all/products/norse-mythology-raven-centered-within-runic-circle-comforter-ab76500bc1-ab76500bc1","","Norse Mythology Raven Centered Within Runic Circle Comforter","Jeminise","Quilt","amazon-import, amazon-parent-b0d9rsvzhx, Custom Blanket, Family Blanket, Personalized Blanket, Quilt Set, Tree of Life Quilt","2026-07-26T23:29:32-05:00","2026-07-26T17:23:33-05:00","2026-09-06T11:40:41-05:00","15","7","https://cdn.shopify.com/s/files/1/0792/5098/1063/files/a411a3b6e5e3e9af3994df0d9e51e3c8fb2923ca82d9e850380c0c58557e6aea.jpg?v=1785104615","51.90","116.90","TRUE","collections/all/products.json","DISCOVERED","DISCOVERED","","2026-09-06T23:41:32.4166246+07:00"
"161","jeminise.com","jeminise.com+norse-mythology-raven-within-celtic-knot-frame-quilt-906ee24d68-906ee24d68","8834806218951","","norse-mythology-raven-within-celtic-knot-frame-quilt-906ee24d68-906ee24d68","https://jeminise.com/products/norse-mythology-raven-within-celtic-knot-frame-quilt-906ee24d68-906ee24d68","https://jeminise.com/collections/all/products/norse-mythology-raven-within-celtic-knot-frame-quilt-906ee24d68-906ee24d68","","Norse Mythology Raven Within Celtic Knot Frame Quilt","Jeminise","Quilt","amazon-import, amazon-parent-b0d9rsvzhx, Custom Blanket, Family Blanket, Personalized Blanket, Quilt Set, Tree of Life Quilt, Wildlife Quilt","2026-07-26T23:29:30-05:00","2026-07-26T17:20:00-05:00","2026-09-06T11:40:41-05:00","15","7","https://cdn.shopify.com/s/files/1/0792/5098/1063/files/f5df6ea5afdf042e566b7af241d22bd6929357120dcb00f0bc65a8916d20bdd1.jpg?v=1785104402","51.90","116.90","TRUE","collections/all/products.json","DISCOVERED","DISCOVERED","","2026-09-06T23:41:32.4166246+07:00"
"162","jeminise.com","jeminise.com+norse-mythology-viking-shield-with-crossed-axes-quilt-ca630a284e-ca630a284e","8834808512711","","norse-mythology-viking-shield-with-crossed-axes-quilt-ca630a284e-ca630a284e","https://jeminise.com/products/norse-mythology-viking-shield-with-crossed-axes-quilt-ca630a284e-ca630a284e","https://jeminise.com/collections/all/products/norse-mythology-viking-shield-with-crossed-axes-quilt-ca630a284e-ca630a284e","","Norse Mythology Viking Shield with Crossed Axes Quilt","Jeminise","Quilt","amazon-import, amazon-parent-b0d9rsvzhx, Custom Blanket, Family Blanket, Personalized Blanket, Quilt Set, Tree of Life Quilt","2026-07-26T23:29:31-05:00","2026-07-26T17:22:31-05:00","2026-09-06T11:40:41-05:00","15","7","https://cdn.shopify.com/s/files/1/0792/5098/1063/files/a0bb7b2e86bb5a07b6f85d9046b813c1954eadf01e22807354afd66a9ebfdea6.jpg?v=1785104553","51.90","116.90","TRUE","collections/all/products.json","DISCOVERED","DISCOVERED","","2026-09-06T23:41:32.4166246+07:00"
"163","jeminise.com","jeminise.com+owl-patchwork-pattern-quilt-set-animals-quilt-set-style-owl-nights","8867095118023","","owl-patchwork-pattern-quilt-set-animals-quilt-set-style-owl-nights","https://jeminise.com/products/owl-patchwork-pattern-quilt-set-animals-quilt-set-style-owl-nights","https://jeminise.com/collections/all/products/owl-patchwork-pattern-quilt-set-animals-quilt-set-style-owl-nights","","Owl Patchwork Pattern Quilt Set, Animals Quilt Set Style, Owl Nights","Jeminise","Quilt Sets","amazon-import, amazon-parent-b0dr8q4jxb, Christmas Gift, Custom Blanket, Dad Gift, Mom Gift, Personalized Blanket, Quilt Set, Wildlife Quilt","2026-08-20T09:04:06-05:00","2026-08-20T08:48:05-05:00","2026-09-06T11:40:41-05:00","20","7","https://cdn.shopify.com/s/files/1/0792/5098/1063/files/b12b5b630d5361e095b70248a7029d44aa83474cedccaae8a99938e5a82aa9e5.jpg?v=1787233687","54.90","124.90","TRUE","collections/all/products.json","DISCOVERED","DISCOVERED","","2026-09-06T23:41:32.4166246+07:00"
"164","jeminise.com","jeminise.com+pamnest-twin-halloween-comforter-set-with-sheets-5-pieces-design-01","8879778791623","","pamnest-twin-halloween-comforter-set-with-sheets-5-pieces-design-01","https://jeminise.com/products/pamnest-twin-halloween-comforter-set-with-sheets-5-pieces-design-01","https://jeminise.com/collections/all/products/pamnest-twin-halloween-comforter-set-with-sheets-5-pieces-design-01","","Pamnest Twin Halloween Comforter Set with Sheets, 5 Pieces - Design 01","Jeminise","Comforter Sets","All Seasons, amazon-import, amazon-parent-b0ffg3d598, Comforter Set, Easy Care, Halloween Comforter","2026-08-28T12:16:04-05:00","2026-08-28T11:55:53-05:00","2026-09-06T11:40:41-05:00","4","6","https://cdn.shopify.com/s/files/1/0792/5098/1063/files/78a96e41092763591645a0417450b0227ec7a4e31e21df8a327fb2d2f9428605.jpg?v=1787936155","68.85","113.85","TRUE","collections/all/products.json","DISCOVERED","DISCOVERED","","2026-09-06T23:41:32.4166246+07:00"
"165","jeminise.com","jeminise.com+pamnest-twin-halloween-comforter-set-with-sheets-5-pieces-design-02","8879778889927","","pamnest-twin-halloween-comforter-set-with-sheets-5-pieces-design-02","https://jeminise.com/products/pamnest-twin-halloween-comforter-set-with-sheets-5-pieces-design-02","https://jeminise.com/collections/all/products/pamnest-twin-halloween-comforter-set-with-sheets-5-pieces-design-02","","Pamnest Twin Halloween Comforter Set with Sheets, 5 Pieces - Design 02","Jeminise","Comforter Sets","All Seasons, amazon-import, amazon-parent-b0ffg3d598, Comforter Set, Easy Care, Halloween Comforter","2026-08-28T12:16:05-05:00","2026-08-28T11:56:10-05:00","2026-09-06T11:40:41-05:00","4","5","https://cdn.shopify.com/s/files/1/0792/5098/1063/files/33827958b0d3465c97d89ef8a7a7e67a7aa5b22c8c0c87d5a26f80b5c0d5fd2b.jpg?v=1787936172","68.85","113.85","TRUE","collections/all/products.json","DISCOVERED","DISCOVERED","","2026-09-06T23:41:32.4166246+07:00"
"166","jeminise.com","jeminise.com+pamnest-twin-halloween-comforter-set-with-sheets-5-pieces-design-03","8879779217607","","pamnest-twin-halloween-comforter-set-with-sheets-5-pieces-design-03","https://jeminise.com/products/pamnest-twin-halloween-comforter-set-with-sheets-5-pieces-design-03","https://jeminise.com/collections/all/products/pamnest-twin-halloween-comforter-set-with-sheets-5-pieces-design-03","","Pamnest Twin Halloween Comforter Set with Sheets, 5 Pieces - Design 03","Jeminise","Comforter Sets","All Seasons, amazon-import, amazon-parent-b0ffg3d598, Cartoon Theme, Comforter Set, Contemporary Style, Easy Care, Halloween Comforter, Polyester Material","2026-08-28T12:16:07-05:00","2026-08-28T11:57:27-05:00","2026-09-06T11:40:41-05:00","4","6","https://cdn.shopify.com/s/files/1/0792/5098/1063/files/a04eaaab4fb68dc7448e32b7978cec1d481af7cf4430a3f72b91574bcb94ba65.jpg?v=1787936250","68.85","113.85","TRUE","collections/all/products.json","DISCOVERED","DISCOVERED","","2026-09-06T23:41:32.4166246+07:00"
"167","jeminise.com","jeminise.com+pamnest-twin-halloween-comforter-set-with-sheets-5-pieces-design-04","8879779283143","","pamnest-twin-halloween-comforter-set-with-sheets-5-pieces-design-04","https://jeminise.com/products/pamnest-twin-halloween-comforter-set-with-sheets-5-pieces-design-04","https://jeminise.com/collections/all/products/pamnest-twin-halloween-comforter-set-with-sheets-5-pieces-design-04","","Pamnest Twin Halloween Comforter Set with Sheets, 5 Pieces - Design 04","Jeminise","Comforter Sets","All Seasons, amazon-import, amazon-parent-b0ffg3d598, Comforter Set, Contemporary, Ghost, Halloween Comforter","2026-08-28T12:16:08-05:00","2026-08-28T11:58:15-05:00","2026-09-06T11:40:41-05:00","4","6","https://cdn.shopify.com/s/files/1/0792/5098/1063/files/5d0f1cae5d8fbccfd0cedc69335c2f8dae57295710f0d39ce49b9d818247b5d7.jpg?v=1787936297","68.85","113.85","TRUE","collections/all/products.json","DISCOVERED","DISCOVERED","","2026-09-06T23:41:32.4166246+07:00"
"168","jeminise.com","jeminise.com+pamnest-twin-halloween-comforter-set-with-sheets-5-pieces-design-05","8879779348679","","pamnest-twin-halloween-comforter-set-with-sheets-5-pieces-design-05","https://jeminise.com/products/pamnest-twin-halloween-comforter-set-with-sheets-5-pieces-design-05","https://jeminise.com/collections/all/products/pamnest-twin-halloween-comforter-set-with-sheets-5-pieces-design-05","","Pamnest Twin Halloween Comforter Set with Sheets, 5 Pieces - Design 05","Jeminise","Comforter Sets","All Seasons, amazon-import, amazon-parent-b0ffg3d598, Comforter Set, Easy Care, Halloween Comforter, Kids Bedding, Themed Bedding","2026-08-28T12:16:10-05:00","2026-08-28T11:58:21-05:00","2026-09-06T11:40:41-05:00","4","6","https://cdn.shopify.com/s/files/1/0792/5098/1063/files/0378abcf551bb373bc058a8d932a075b2e7062138286ccd5675aab241cbc2aa8.jpg?v=1787936303","68.85","113.85","TRUE","collections/all/products.json","DISCOVERED","DISCOVERED","","2026-09-06T23:41:32.4166246+07:00"
"169","jeminise.com","jeminise.com+pamnest-twin-halloween-comforter-set-with-sheets-5-pieces-design-06","8879779381447","","pamnest-twin-halloween-comforter-set-with-sheets-5-pieces-design-06","https://jeminise.com/products/pamnest-twin-halloween-comforter-set-with-sheets-5-pieces-design-06","https://jeminise.com/collections/all/products/pamnest-twin-halloween-comforter-set-with-sheets-5-pieces-design-06","","Pamnest Twin Halloween Comforter Set with Sheets, 5 Pieces - Design 06","Jeminise","Comforter Sets","All Seasons, amazon-import, amazon-parent-b0ffg3d598, Comforter Set, Contemporary, Easy Care, Halloween Comforter","2026-08-28T12:16:11-05:00","2026-08-28T11:58:24-05:00","2026-09-06T11:40:41-05:00","4","6","https://cdn.shopify.com/s/files/1/0792/5098/1063/files/56881a19a51c01cc553fffe6fc20529fd559dd35981c52ef5bde9f745e19e0c6.jpg?v=1787936307","68.85","113.85","TRUE","collections/all/products.json","DISCOVERED","DISCOVERED","","2026-09-06T23:41:32.4166246+07:00"
"170","jeminise.com","jeminise.com+pamnest-twin-halloween-comforter-set-with-sheets-5-pieces-design-07","8879779414215","","pamnest-twin-halloween-comforter-set-with-sheets-5-pieces-design-07","https://jeminise.com/products/pamnest-twin-halloween-comforter-set-with-sheets-5-pieces-design-07","https://jeminise.com/collections/all/products/pamnest-twin-halloween-comforter-set-with-sheets-5-pieces-design-07","","Pamnest Twin Halloween Comforter Set with Sheets, 5 Pieces - Design 07","Jeminise","Comforter Sets","All Seasons, amazon-import, amazon-parent-b0ffg3d598, Comforter Set, Contemporary Style, Easy Care, Ghost, Halloween Comforter, Twin","2026-08-28T12:16:11-05:00","2026-08-28T11:58:31-05:00","2026-09-06T11:40:41-05:00","4","6","https://cdn.shopify.com/s/files/1/0792/5098/1063/files/feceab1269e0c41029cfcb73e8317439de8337d84336b09e87d52e7744326f5e.jpg?v=1787936313","68.85","113.85","TRUE","collections/all/products.json","DISCOVERED","DISCOVERED","","2026-09-06T23:41:32.4166246+07:00"
"171","jeminise.com","jeminise.com+pamnest-twin-halloween-comforter-set-with-sheets-5-pieces-design-08","8879779446983","","pamnest-twin-halloween-comforter-set-with-sheets-5-pieces-design-08","https://jeminise.com/products/pamnest-twin-halloween-comforter-set-with-sheets-5-pieces-design-08","https://jeminise.com/collections/all/products/pamnest-twin-halloween-comforter-set-with-sheets-5-pieces-design-08","","Pamnest Twin Halloween Comforter Set with Sheets, 5 Pieces - Design 08","Jeminise","Comforter Sets","All Seasons, amazon-import, amazon-parent-b0ffg3d598, Comforter Set, Easy Care, Halloween Comforter, Kids Bedding, Themed Bedding","2026-08-28T12:16:12-05:00","2026-08-28T11:58:41-05:00","2026-09-06T11:40:41-05:00","4","6","https://cdn.shopify.com/s/files/1/0792/5098/1063/files/1414cb561f6df4ab8d6ead2b6e9a0e8ee121f1b5aaf58a9de1efdb785e9232ca.jpg?v=1787936323","68.85","113.85","TRUE","collections/all/products.json","DISCOVERED","DISCOVERED","","2026-09-06T23:41:32.4166246+07:00"
"172","jeminise.com","jeminise.com+pamnest-twin-halloween-comforter-set-with-sheets-5-pieces-design-09","8879779479751","","pamnest-twin-halloween-comforter-set-with-sheets-5-pieces-design-09","https://jeminise.com/products/pamnest-twin-halloween-comforter-set-with-sheets-5-pieces-design-09","https://jeminise.com/collections/all/products/pamnest-twin-halloween-comforter-set-with-sheets-5-pieces-design-09","","Pamnest Twin Halloween Comforter Set with Sheets, 5 Pieces - Design 09","Jeminise","Comforter Sets","All Seasons, amazon-import, amazon-parent-b0ffg3d598, Comforter Set, Easy Care, Ghost, Halloween Comforter, Horror Cartoon, Pumpkin","2026-08-28T12:04:47-05:00","2026-08-28T11:58:46-05:00","2026-09-06T11:40:41-05:00","4","6","https://cdn.shopify.com/s/files/1/0792/5098/1063/files/5f6b3ffa6d1b25d15b04641037bd7eb2b56065ea9e8dbb07633375ab9f848645.jpg?v=1787936329","68.85","113.85","TRUE","collections/all/products.json","DISCOVERED","DISCOVERED","","2026-09-06T23:41:32.4166246+07:00"
"173","jeminise.com","jeminise.com+pamnest-twin-halloween-comforter-set-with-sheets-5-pieces-evil","8879778726087","","pamnest-twin-halloween-comforter-set-with-sheets-5-pieces-evil","https://jeminise.com/products/pamnest-twin-halloween-comforter-set-with-sheets-5-pieces-evil","https://jeminise.com/collections/all/products/pamnest-twin-halloween-comforter-set-with-sheets-5-pieces-evil","","Pamnest Twin Halloween Comforter Set with Sheets, 5 Pieces Evil","Jeminise","Comforter Sets","All Seasons, amazon-import, amazon-parent-b0ffg3d598, Comforter Set, Easy Care, Halloween Comforter Set, Horror Cartoon","2026-08-28T12:16:02-05:00","2026-08-28T11:55:42-05:00","2026-09-06T11:40:41-05:00","4","6","https://cdn.shopify.com/s/files/1/0792/5098/1063/files/1f37711843552e811d34b03499b81c9d5785fd1cc3e1583509a63c36390e6e7d.jpg?v=1787936145","68.85","113.85","TRUE","collections/all/products.json","DISCOVERED","DISCOVERED","","2026-09-06T23:41:32.4166246+07:00"
"174","jeminise.com","jeminise.com+personalized-and-romance-music-player-interface-quilt-with-photo-b8a3dc4155-b8a3dc4155","8834791506119","","personalized-and-romance-music-player-interface-quilt-with-photo-b8a3dc4155-b8a3dc4155","https://jeminise.com/products/personalized-and-romance-music-player-interface-quilt-with-photo-b8a3dc4155-b8a3dc4155","https://jeminise.com/collections/all/products/personalized-and-romance-music-player-interface-quilt-with-photo-b8a3dc4155-b8a3dc4155","","Personalized and Romance Music Player Interface Quilt with Photo","Jeminise","Quilt","amazon-import, amazon-parent-b0djy5ywty, Couple Blanket, Custom Blanket, Family Blanket, Family Gift, Personalized Blanket, Quilt Set","2026-07-26T17:08:44-05:00","2026-07-26T17:06:43-05:00","2026-09-06T11:40:41-05:00","15","7","https://cdn.shopify.com/s/files/1/0792/5098/1063/files/9df0bd134caafb80cef543e0fa9ad7f956cd590354e7ab38b19d069b5fedd77a.jpg?v=1785103605","51.90","111.90","TRUE","collections/all/products.json","DISCOVERED","DISCOVERED","","2026-09-06T23:41:32.4166246+07:00"
"175","jeminise.com","jeminise.com+personalized-autumn-tree-of-life-birds-flowers-quilt-sets-radiant","8859733885127","","personalized-autumn-tree-of-life-birds-flowers-quilt-sets-radiant","https://jeminise.com/products/personalized-autumn-tree-of-life-birds-flowers-quilt-sets-radiant","https://jeminise.com/collections/all/products/personalized-autumn-tree-of-life-birds-flowers-quilt-sets-radiant","","Personalized Autumn Tree of Life Birds & Flowers Quilt Sets - Radiant","Jeminise","Quilt Sets","amazon-import, amazon-parent-b0dnq35hcn, Custom Blanket, Dad Gift, Family Blanket, Mom Gift, Personalized Blanket, Quilt Set, Tree of Life Quilt","2026-08-12T16:24:37-05:00","2026-08-12T16:13:07-05:00","2026-09-06T11:40:41-05:00","20","7","https://cdn.shopify.com/s/files/1/0792/5098/1063/files/76e83bca36e7d6cbe9d52534b537497ba2da302985d2500484b04ef5c13e86f1.jpg?v=1786569190","56.90","126.90","TRUE","collections/all/products.json","DISCOVERED","DISCOVERED","","2026-09-06T23:41:32.4166246+07:00"
"176","jeminise.com","jeminise.com+personalized-baseball-bedding-full-size-flag-custom-name-d-design-01","8867178610887","","personalized-baseball-bedding-full-size-flag-custom-name-d-design-01","https://jeminise.com/products/personalized-baseball-bedding-full-size-flag-custom-name-d-design-01","https://jeminise.com/collections/all/products/personalized-baseball-bedding-full-size-flag-custom-name-d-design-01","","Personalized Baseball Bedding Full Size Flag Custom Name D - Design 01","Jeminise","Comforter Sets","amazon-import, amazon-parent-b0cg2z23p3, Baseball, Comforter Set, Custom Blanket, Men Gift, Personalized Blanket, Sports Blanket, Sports Comforter, Women Gift","2026-08-20T11:21:13-05:00","2026-08-20T11:10:17-05:00","2026-09-06T11:40:41-05:00","48","4","https://cdn.shopify.com/s/files/1/0792/5098/1063/files/7b5c51aa3d8e7b0ede2b944964c9def4c11bee595091e278a8a03e64c42de41e.jpg?v=1787242220","38.90","158.80","TRUE","collections/all/products.json","DISCOVERED","DISCOVERED","","2026-09-06T23:41:32.4166246+07:00"
"177","jeminise.com","jeminise.com+personalized-baseball-bedding-full-size-flag-custom-name-d-design-02","8867178905799","","personalized-baseball-bedding-full-size-flag-custom-name-d-design-02","https://jeminise.com/products/personalized-baseball-bedding-full-size-flag-custom-name-d-design-02","https://jeminise.com/collections/all/products/personalized-baseball-bedding-full-size-flag-custom-name-d-design-02","","Personalized Baseball Bedding Full Size Flag Custom Name D - Design 02","Jeminise","Comforter Sets","amazon-import, amazon-parent-b0cg2z23p3, Baseball, Comforter Set, Custom Blanket, Personalized Blanket, Sports Comforter","2026-08-20T11:21:14-05:00","2026-08-20T11:10:26-05:00","2026-09-06T11:40:41-05:00","48","4","https://cdn.shopify.com/s/files/1/0792/5098/1063/files/6f4d49a4f378e1d847ce6c5fba523fd3e99a8eb747a9dd8bc23b8fd0282b9151.jpg?v=1787242229","38.90","158.80","TRUE","collections/all/products.json","DISCOVERED","DISCOVERED","","2026-09-06T23:41:32.4166246+07:00"
"178","jeminise.com","jeminise.com+personalized-baseball-bedding-full-size-flag-custom-name-d-design-03","8867178741959","","personalized-baseball-bedding-full-size-flag-custom-name-d-design-03","https://jeminise.com/products/personalized-baseball-bedding-full-size-flag-custom-name-d-design-03","https://jeminise.com/collections/all/products/personalized-baseball-bedding-full-size-flag-custom-name-d-design-03","","Personalized Baseball Bedding Full Size Flag Custom Name D - Design 03","Jeminise","Comforter Sets","amazon-import, amazon-parent-b0cg2z23p3, Baseball Comforter, Comforter Set, Personalized Blanket, Sports Blankets, Sports Comforter","2026-08-20T11:21:14-05:00","2026-08-20T11:10:23-05:00","2026-09-06T11:40:41-05:00","48","4","https://cdn.shopify.com/s/files/1/0792/5098/1063/files/ed0de96ab2ac6dbaf3ca19c66570314baff970eed7b3354a16d3982fb106adf2.jpg?v=1787242226","38.90","158.80","TRUE","collections/all/products.json","DISCOVERED","DISCOVERED","","2026-09-06T23:41:32.4166246+07:00"
"179","jeminise.com","jeminise.com+personalized-baseball-bedding-full-size-flag-custom-name-d-design-04","8867179004103","","personalized-baseball-bedding-full-size-flag-custom-name-d-design-04","https://jeminise.com/products/personalized-baseball-bedding-full-size-flag-custom-name-d-design-04","https://jeminise.com/collections/all/products/personalized-baseball-bedding-full-size-flag-custom-name-d-design-04","","Personalized Baseball Bedding Full Size Flag Custom Name D - Design 04","Jeminise","Comforter Sets","amazon-import, amazon-parent-b0cg2z23p3, Baseball Comforter, Comforter Set, Custom Comforter, Father's Day Gift, Personalized Blanket, Sports Comforter, Sports Fan Gift","2026-08-20T11:21:15-05:00","2026-08-20T11:10:30-05:00","2026-09-06T11:40:41-05:00","48","4","https://cdn.shopify.com/s/files/1/0792/5098/1063/files/48c9a495af03f8c5e581f6726f9481edb34e36374ef10042200509fdf7544237.jpg?v=1787242233","38.90","158.80","TRUE","collections/all/products.json","DISCOVERED","DISCOVERED","","2026-09-06T23:41:32.4166246+07:00"
"180","jeminise.com","jeminise.com+personalized-baseball-bedding-full-size-flag-custom-name-d-design-05","8867179299015","","personalized-baseball-bedding-full-size-flag-custom-name-d-design-05","https://jeminise.com/products/personalized-baseball-bedding-full-size-flag-custom-name-d-design-05","https://jeminise.com/collections/all/products/personalized-baseball-bedding-full-size-flag-custom-name-d-design-05","","Personalized Baseball Bedding Full Size Flag Custom Name D - Design 05","Jeminise","Comforter Sets","amazon-import, amazon-parent-b0cg2z23p3, Baseball, Comforter Set, Custom Blanket, Personalized Blanket, Sports Comforter","2026-08-20T11:21:16-05:00","2026-08-20T11:10:40-05:00","2026-09-06T11:40:41-05:00","48","4","https://cdn.shopify.com/s/files/1/0792/5098/1063/files/d378f1a48f335b21aefca30b88f78840020f51ab8fbc27d3943bcd358c24aa0f.jpg?v=1787242242","38.90","158.80","TRUE","collections/all/products.json","DISCOVERED","DISCOVERED","","2026-09-06T23:41:32.4166246+07:00"
"181","jeminise.com","jeminise.com+personalized-baseball-bedding-full-size-flag-custom-name-d-design-06","8867179331783","","personalized-baseball-bedding-full-size-flag-custom-name-d-design-06","https://jeminise.com/products/personalized-baseball-bedding-full-size-flag-custom-name-d-design-06","https://jeminise.com/collections/all/products/personalized-baseball-bedding-full-size-flag-custom-name-d-design-06","","Personalized Baseball Bedding Full Size Flag Custom Name D - Design 06","Jeminise","Comforter Sets","amazon-import, amazon-parent-b0cg2z23p3, Baseball Comforter, Christmas Gift, Comforter Set, Custom Blanket, Personalized Blanket, Sports Blanket, Sports Comforter","2026-08-20T11:21:17-05:00","2026-08-20T11:10:41-05:00","2026-09-06T11:40:41-05:00","48","4","https://cdn.shopify.com/s/files/1/0792/5098/1063/files/995cf5f61efd18d2d5931363d9afe9885235b19ee1f1194d644a48b4c113798a.jpg?v=1787242243","38.90","158.80","TRUE","collections/all/products.json","DISCOVERED","DISCOVERED","","2026-09-06T23:41:32.4166246+07:00"
"182","jeminise.com","jeminise.com+personalized-baseball-bedding-full-size-flag-custom-name-d-design-07","8867179495623","","personalized-baseball-bedding-full-size-flag-custom-name-d-design-07","https://jeminise.com/products/personalized-baseball-bedding-full-size-flag-custom-name-d-design-07","https://jeminise.com/collections/all/products/personalized-baseball-bedding-full-size-flag-custom-name-d-design-07","","Personalized Baseball Bedding Full Size Flag Custom Name D - Design 07","Jeminise","Comforter Sets","amazon-import, amazon-parent-b0cg2z23p3, Baseball, Comforter Set, Personalized Blanket, Sports Blankets, Sports Comforter, Sports Gifts","2026-08-20T11:21:18-05:00","2026-08-20T11:10:48-05:00","2026-09-06T11:40:41-05:00","48","4","https://cdn.shopify.com/s/files/1/0792/5098/1063/files/378a8e96305e6779a03c8ecabd45a597b3f4915044ba0256db08f5291ae0aebe.jpg?v=1787242250","38.90","158.80","TRUE","collections/all/products.json","DISCOVERED","DISCOVERED","","2026-09-06T23:41:32.4166246+07:00"
"183","jeminise.com","jeminise.com+personalized-baseball-bedding-full-size-flag-custom-name-d-design-08","8867179561159","","personalized-baseball-bedding-full-size-flag-custom-name-d-design-08","https://jeminise.com/products/personalized-baseball-bedding-full-size-flag-custom-name-d-design-08","https://jeminise.com/collections/all/products/personalized-baseball-bedding-full-size-flag-custom-name-d-design-08","","Personalized Baseball Bedding Full Size Flag Custom Name D - Design 08","Jeminise","Comforter Sets","amazon-import, amazon-parent-b0cg2z23p3, Baseball Comforter, Baseball Gift, Comforter Set, Custom Comforter, Personalized Blanket, Sports Blankets, Sports Comforter","2026-08-20T11:21:19-05:00","2026-08-20T11:11:06-05:00","2026-09-06T11:40:41-05:00","48","4","https://cdn.shopify.com/s/files/1/0792/5098/1063/files/d7ef02b64a3368ae8a6946c495c9fe3973509085263bc4e81d2b85c88e1e713b.jpg?v=1787242268","38.90","158.80","TRUE","collections/all/products.json","DISCOVERED","DISCOVERED","","2026-09-06T23:41:32.4166246+07:00"
"184","jeminise.com","jeminise.com+personalized-baseball-bedding-full-size-flag-custom-name-d-design-09","8867179593927","","personalized-baseball-bedding-full-size-flag-custom-name-d-design-09","https://jeminise.com/products/personalized-baseball-bedding-full-size-flag-custom-name-d-design-09","https://jeminise.com/collections/all/products/personalized-baseball-bedding-full-size-flag-custom-name-d-design-09","","Personalized Baseball Bedding Full Size Flag Custom Name D - Design 09","Jeminise","Comforter Sets","amazon-import, amazon-parent-b0cg2z23p3, Comforter Set, Custom Blanket, Personalized Blanket, Sports Comforter","2026-08-20T11:21:19-05:00","2026-08-20T11:11:09-05:00","2026-09-06T11:40:41-05:00","48","4","https://cdn.shopify.com/s/files/1/0792/5098/1063/files/ad1a0a46240535a46c26f855ffd00e82b017da0d977031a8d571f984de139fa4.jpg?v=1787242271","38.90","158.80","TRUE","collections/all/products.json","DISCOVERED","DISCOVERED","","2026-09-06T23:41:32.4166246+07:00"
"185","jeminise.com","jeminise.com+personalized-baseball-bedding-full-size-flag-custom-name-d-design-10","8867179626695","","personalized-baseball-bedding-full-size-flag-custom-name-d-design-10","https://jeminise.com/products/personalized-baseball-bedding-full-size-flag-custom-name-d-design-10","https://jeminise.com/collections/all/products/personalized-baseball-bedding-full-size-flag-custom-name-d-design-10","","Personalized Baseball Bedding Full Size Flag Custom Name D - Design 10","Jeminise","Comforter Sets","amazon-import, amazon-parent-b0cg2z23p3, Baseball, Comforter Set, Custom Blanket, Personalized Blanket, Sports Comforter, Thoughtful Gift","2026-08-20T11:21:20-05:00","2026-08-20T11:11:15-05:00","2026-09-06T11:40:41-05:00","48","4","https://cdn.shopify.com/s/files/1/0792/5098/1063/files/a27913d40501b499872e0b61d72972490feb3fd1abfed5542443b010f312b255.jpg?v=1787242278","38.90","158.80","TRUE","collections/all/products.json","DISCOVERED","DISCOVERED","","2026-09-06T23:41:32.4166246+07:00"
"186","jeminise.com","jeminise.com+personalized-baseball-bedding-full-size-flag-custom-name-d-design-11","8867179692231","","personalized-baseball-bedding-full-size-flag-custom-name-d-design-11","https://jeminise.com/products/personalized-baseball-bedding-full-size-flag-custom-name-d-design-11","https://jeminise.com/collections/all/products/personalized-baseball-bedding-full-size-flag-custom-name-d-design-11","","Personalized Baseball Bedding Full Size Flag Custom Name D - Design 11","Jeminise","Comforter Sets","amazon-import, amazon-parent-b0cg2z23p3, Baseball, Comforter Set, Custom Blanket, Dad Gift, Mom Gift, Personalized Blanket, Sports Blankets, Sports Comforter","2026-08-20T11:21:21-05:00","2026-08-20T11:11:19-05:00","2026-09-06T11:40:41-05:00","48","4","https://cdn.shopify.com/s/files/1/0792/5098/1063/files/22091bb4460b1736aafe487d9cb3bf7932306548fd638c8bce4e656da29f9e32.jpg?v=1787242281","38.90","158.80","TRUE","collections/all/products.json","DISCOVERED","DISCOVERED","","2026-09-06T23:41:32.4166246+07:00"
"187","jeminise.com","jeminise.com+personalized-baseball-bedding-full-size-flag-custom-name-d-design-12","8867179757767","","personalized-baseball-bedding-full-size-flag-custom-name-d-design-12","https://jeminise.com/products/personalized-baseball-bedding-full-size-flag-custom-name-d-design-12","https://jeminise.com/collections/all/products/personalized-baseball-bedding-full-size-flag-custom-name-d-design-12","","Personalized Baseball Bedding Full Size Flag Custom Name D - Design 12","Jeminise","Comforter Sets","amazon-import, amazon-parent-b0cg2z23p3, Comforter Set, Custom Blanket, Personalized Blanket, Sports Blankets, Sports Comforter","2026-08-20T11:21:23-05:00","2026-08-20T11:11:26-05:00","2026-09-06T11:40:41-05:00","48","4","https://cdn.shopify.com/s/files/1/0792/5098/1063/files/a3a7588224cb02e1a3e3cdfb3d985059123d82c8235978721aed604186892c96.jpg?v=1787242289","38.90","158.80","TRUE","collections/all/products.json","DISCOVERED","DISCOVERED","","2026-09-06T23:41:32.4166246+07:00"
"188","jeminise.com","jeminise.com+personalized-baseball-bedding-full-size-flag-custom-name-d-design-13","8867179724999","","personalized-baseball-bedding-full-size-flag-custom-name-d-design-13","https://jeminise.com/products/personalized-baseball-bedding-full-size-flag-custom-name-d-design-13","https://jeminise.com/collections/all/products/personalized-baseball-bedding-full-size-flag-custom-name-d-design-13","","Personalized Baseball Bedding Full Size Flag Custom Name D - Design 13","Jeminise","Comforter Sets","All Seasons, amazon-import, amazon-parent-b0cg2z23p3, Baseball, Comforter Set, Custom Blanket, Personalized Baseball Bedding Set, Personalized Blanket, Sports Comforter","2026-08-20T11:21:22-05:00","2026-08-20T11:11:24-05:00","2026-09-06T11:40:41-05:00","48","4","https://cdn.shopify.com/s/files/1/0792/5098/1063/files/b1a55687ac710fef17a03349d7df05659c4a75b04c898c8a647cf0f9b2bdfac4.jpg?v=1787242287","38.90","158.80","TRUE","collections/all/products.json","DISCOVERED","DISCOVERED","","2026-09-06T23:41:32.4166246+07:00"
"189","jeminise.com","jeminise.com+personalized-baseball-bedding-full-size-flag-custom-name-d-design-14","8867179888839","","personalized-baseball-bedding-full-size-flag-custom-name-d-design-14","https://jeminise.com/products/personalized-baseball-bedding-full-size-flag-custom-name-d-design-14","https://jeminise.com/collections/all/products/personalized-baseball-bedding-full-size-flag-custom-name-d-design-14","","Personalized Baseball Bedding Full Size Flag Custom Name D - Design 14","Jeminise","Comforter Sets","amazon-import, amazon-parent-b0cg2z23p3, Baseball Comforter, Comforter Set, Custom Comforter, Personalized Comforter, Sport Lover Gift, Sports Comforter","2026-08-20T11:21:24-05:00","2026-08-20T11:11:35-05:00","2026-09-06T11:40:41-05:00","48","4","https://cdn.shopify.com/s/files/1/0792/5098/1063/files/ee03510fe9336bb706be4887685f8efc23f52558e7f8c421b81f75897fd38d63.jpg?v=1787242298","38.90","158.80","TRUE","collections/all/products.json","DISCOVERED","DISCOVERED","","2026-09-06T23:41:32.4166246+07:00"
"190","jeminise.com","jeminise.com+personalized-baseball-bedding-full-size-flag-custom-name-d-design-15","8867179921607","","personalized-baseball-bedding-full-size-flag-custom-name-d-design-15","https://jeminise.com/products/personalized-baseball-bedding-full-size-flag-custom-name-d-design-15","https://jeminise.com/collections/all/products/personalized-baseball-bedding-full-size-flag-custom-name-d-design-15","","Personalized Baseball Bedding Full Size Flag Custom Name D - Design 15","Jeminise","Comforter Sets","amazon-import, amazon-parent-b0cg2z23p3, Baseball, Comforter Set, Custom Blanket, Personalized Blanket, Sports Comforter","2026-08-20T11:21:24-05:00","2026-08-20T11:11:38-05:00","2026-09-06T11:40:41-05:00","48","4","https://cdn.shopify.com/s/files/1/0792/5098/1063/files/c348d936be646a1acfb4ca9b0e001f0668ce4f86c27fb4d7641115a01f9bb8ef.jpg?v=1787242300","38.90","158.80","TRUE","collections/all/products.json","DISCOVERED","DISCOVERED","","2026-09-06T23:41:32.4166246+07:00"
"191","jeminise.com","jeminise.com+personalized-baseball-bedding-full-size-flag-custom-name-d-design-16","8867179954375","","personalized-baseball-bedding-full-size-flag-custom-name-d-design-16","https://jeminise.com/products/personalized-baseball-bedding-full-size-flag-custom-name-d-design-16","https://jeminise.com/collections/all/products/personalized-baseball-bedding-full-size-flag-custom-name-d-design-16","","Personalized Baseball Bedding Full Size Flag Custom Name D - Design 16","Jeminise","Comforter Sets","amazon-import, amazon-parent-b0cg2z23p3, Baseball Decor, Baseball Fan, Comforter Set, Custom Comforter, Personalized Comforter, Sport Theme, Sports Comforter","2026-08-20T11:21:25-05:00","2026-08-20T11:11:55-05:00","2026-09-06T11:40:41-05:00","48","7","https://cdn.shopify.com/s/files/1/0792/5098/1063/files/b7ef026f0d99066acd408c028cb84843da12c8ff46b05701b0a855208589add2.jpg?v=1787242318","38.90","158.80","TRUE","collections/all/products.json","DISCOVERED","DISCOVERED","","2026-09-06T23:41:32.4166246+07:00"
"192","jeminise.com","jeminise.com+personalized-baseball-bedding-full-size-flag-custom-name-d-design-17","8867180052679","","personalized-baseball-bedding-full-size-flag-custom-name-d-design-17","https://jeminise.com/products/personalized-baseball-bedding-full-size-flag-custom-name-d-design-17","https://jeminise.com/collections/all/products/personalized-baseball-bedding-full-size-flag-custom-name-d-design-17","","Personalized Baseball Bedding Full Size Flag Custom Name D - Design 17","Jeminise","Comforter Sets","amazon-import, amazon-parent-b0cg2z23p3, Baseball Bedding, Baseball Comforter, Baseball Gift, Comforter Set, Custom Comforter, Personalized Comforter, Sport Decor, Sports Comforter","2026-08-20T11:21:28-05:00","2026-08-20T11:12:02-05:00","2026-09-06T11:40:41-05:00","48","7","https://cdn.shopify.com/s/files/1/0792/5098/1063/files/aa4923e9f29482ae80e50264a632d44e57fc52a4216de9db06a1575bd5c655c8.jpg?v=1787242324","38.90","158.80","TRUE","collections/all/products.json","DISCOVERED","DISCOVERED","","2026-09-06T23:41:32.4166246+07:00"
"193","jeminise.com","jeminise.com+personalized-baseball-bedding-full-size-flag-custom-name-d-design-18","8867179987143","","personalized-baseball-bedding-full-size-flag-custom-name-d-design-18","https://jeminise.com/products/personalized-baseball-bedding-full-size-flag-custom-name-d-design-18","https://jeminise.com/collections/all/products/personalized-baseball-bedding-full-size-flag-custom-name-d-design-18","","Personalized Baseball Bedding Full Size Flag Custom Name D - Design 18","Jeminise","Comforter Sets","amazon-import, amazon-parent-b0cg2z23p3, Baseball, Comforter Set, Custom Blanket, Personalized Blanket, Sport Decor, Sports Comforter","2026-08-20T11:21:26-05:00","2026-08-20T11:11:57-05:00","2026-09-06T11:40:41-05:00","48","4","https://cdn.shopify.com/s/files/1/0792/5098/1063/files/0fd40d9335554d99de52ba6149196d8c8282f53db344007b27c3052e0709ff05.jpg?v=1787242319","38.90","158.80","TRUE","collections/all/products.json","DISCOVERED","DISCOVERED","","2026-09-06T23:41:32.4166246+07:00"
"194","jeminise.com","jeminise.com+personalized-baseball-bedding-full-size-flag-custom-name-d-design-19","8867180019911","","personalized-baseball-bedding-full-size-flag-custom-name-d-design-19","https://jeminise.com/products/personalized-baseball-bedding-full-size-flag-custom-name-d-design-19","https://jeminise.com/collections/all/products/personalized-baseball-bedding-full-size-flag-custom-name-d-design-19","","Personalized Baseball Bedding Full Size Flag Custom Name D - Design 19","Jeminise","Comforter Sets","amazon-import, amazon-parent-b0cg2z23p3, Baseball, Comforter Set, Custom Blanket, Personalized Blanket, Sports Comforter","2026-08-20T11:21:27-05:00","2026-08-20T11:12:01-05:00","2026-09-06T11:40:41-05:00","48","4","https://cdn.shopify.com/s/files/1/0792/5098/1063/files/61c881e384a92769ae7d3f5be9cb5a95fc23436bdd571361509748c60fc5a8bd.jpg?v=1787242323","38.90","158.80","TRUE","collections/all/products.json","DISCOVERED","DISCOVERED","","2026-09-06T23:41:32.4166246+07:00"
"195","jeminise.com","jeminise.com+personalized-baseball-bedding-full-size-flag-custom-name-d-design-20","8867180085447","","personalized-baseball-bedding-full-size-flag-custom-name-d-design-20","https://jeminise.com/products/personalized-baseball-bedding-full-size-flag-custom-name-d-design-20","https://jeminise.com/collections/all/products/personalized-baseball-bedding-full-size-flag-custom-name-d-design-20","","Personalized Baseball Bedding Full Size Flag Custom Name D - Design 20","Jeminise","Comforter Sets","amazon-import, amazon-parent-b0cg2z23p3, Baseball Comforter, Baseball Gift, Comforter Set, Custom Comforter, Personalized Comforter, Sports Comforter, Sports Fan Gift","2026-08-20T11:21:29-05:00","2026-08-20T11:12:05-05:00","2026-09-06T11:40:41-05:00","48","4","https://cdn.shopify.com/s/files/1/0792/5098/1063/files/e4e2338aa85d3f668a15c82fa2ea0cfb93432ed8792267b4e09f9f55c1cf8b2e.jpg?v=1787242327","38.90","158.80","TRUE","collections/all/products.json","DISCOVERED","DISCOVERED","","2026-09-06T23:41:32.4166246+07:00"
"196","jeminise.com","jeminise.com+personalized-baseball-bedding-full-size-flag-custom-name-d-design-21","8867180118215","","personalized-baseball-bedding-full-size-flag-custom-name-d-design-21","https://jeminise.com/products/personalized-baseball-bedding-full-size-flag-custom-name-d-design-21","https://jeminise.com/collections/all/products/personalized-baseball-bedding-full-size-flag-custom-name-d-design-21","","Personalized Baseball Bedding Full Size Flag Custom Name D - Design 21","Jeminise","Comforter Sets","amazon-import, amazon-parent-b0cg2z23p3, Comforter Set, Custom Blanket, Personalized Blanket, Sports Blankets, Sports Comforter","2026-08-20T11:21:30-05:00","2026-08-20T11:12:14-05:00","2026-09-06T11:40:41-05:00","48","4","https://cdn.shopify.com/s/files/1/0792/5098/1063/files/8a848b0ed0b502d09e60f9124d8e753486022275aa6cabec6be40339d169fd60.jpg?v=1787242336","38.90","158.80","TRUE","collections/all/products.json","DISCOVERED","DISCOVERED","","2026-09-06T23:41:32.4166246+07:00"
"197","jeminise.com","jeminise.com+personalized-baseball-bedding-full-size-flag-custom-name-d-design-22","8867180150983","","personalized-baseball-bedding-full-size-flag-custom-name-d-design-22","https://jeminise.com/products/personalized-baseball-bedding-full-size-flag-custom-name-d-design-22","https://jeminise.com/collections/all/products/personalized-baseball-bedding-full-size-flag-custom-name-d-design-22","","Personalized Baseball Bedding Full Size Flag Custom Name D - Design 22","Jeminise","Comforter Sets","amazon-import, amazon-parent-b0cg2z23p3, Baseball, Christmas Gift, Comforter Set, Custom Blanket, Personalized Blanket, Sports Blanket, Sports Comforter","2026-08-20T11:21:31-05:00","2026-08-20T11:12:23-05:00","2026-09-06T11:40:41-05:00","48","4","https://cdn.shopify.com/s/files/1/0792/5098/1063/files/76f774a931f7c5c91510a65804cd4a186b89f7020c009e61c6b0e85896bf0d67.jpg?v=1787242346","38.90","158.80","TRUE","collections/all/products.json","DISCOVERED","DISCOVERED","","2026-09-06T23:41:32.4166246+07:00"
"198","jeminise.com","jeminise.com+personalized-baseball-bedding-full-size-flag-custom-name-d-design-23","8867180183751","","personalized-baseball-bedding-full-size-flag-custom-name-d-design-23","https://jeminise.com/products/personalized-baseball-bedding-full-size-flag-custom-name-d-design-23","https://jeminise.com/collections/all/products/personalized-baseball-bedding-full-size-flag-custom-name-d-design-23","","Personalized Baseball Bedding Full Size Flag Custom Name D - Design 23","Jeminise","Comforter Sets","amazon-import, amazon-parent-b0cg2z23p3, Baseball, Comforter Set, Custom Comforter, Personalized Comforter, Sports Blanket, Sports Comforter, Sports Gift","2026-08-20T11:21:32-05:00","2026-08-20T11:12:33-05:00","2026-09-06T11:40:41-05:00","48","4","https://cdn.shopify.com/s/files/1/0792/5098/1063/files/9df70f0343a5c034d346fd9dde42e97c78ba2ce598854a71221d454a2ee76637.jpg?v=1787242356","38.90","158.80","TRUE","collections/all/products.json","DISCOVERED","DISCOVERED","","2026-09-06T23:41:32.4166246+07:00"
"199","jeminise.com","jeminise.com+personalized-baseball-bedding-full-size-flag-custom-name-d-design-24","8867180216519","","personalized-baseball-bedding-full-size-flag-custom-name-d-design-24","https://jeminise.com/products/personalized-baseball-bedding-full-size-flag-custom-name-d-design-24","https://jeminise.com/collections/all/products/personalized-baseball-bedding-full-size-flag-custom-name-d-design-24","","Personalized Baseball Bedding Full Size Flag Custom Name D - Design 24","Jeminise","Comforter Sets","amazon-import, amazon-parent-b0cg2z23p3, Comforter Set, Couple Blanket, Custom Blanket, Personalized Blanket, Sports Comforter","2026-08-20T11:21:33-05:00","2026-08-20T11:12:44-05:00","2026-09-06T11:40:41-05:00","48","4","https://cdn.shopify.com/s/files/1/0792/5098/1063/files/48589fe36faa0094c3abd003db43e21d9258e2fb97447a7de81929f16ea14bd3.jpg?v=1787242367","38.90","158.80","TRUE","collections/all/products.json","DISCOVERED","DISCOVERED","","2026-09-06T23:41:32.4166246+07:00"
"200","jeminise.com","jeminise.com+personalized-baseball-bedding-full-size-flag-custom-name-d-design-25","8867180347591","","personalized-baseball-bedding-full-size-flag-custom-name-d-design-25","https://jeminise.com/products/personalized-baseball-bedding-full-size-flag-custom-name-d-design-25","https://jeminise.com/collections/all/products/personalized-baseball-bedding-full-size-flag-custom-name-d-design-25","","Personalized Baseball Bedding Full Size Flag Custom Name D - Design 25","Jeminise","Comforter Sets","amazon-import, amazon-parent-b0cg2z23p3, Baseball, Comforter Set, Custom Blanket, Personalized Blanket, Sports Comforter","2026-08-20T11:21:34-05:00","2026-08-20T11:12:54-05:00","2026-09-06T11:40:41-05:00","48","4","https://cdn.shopify.com/s/files/1/0792/5098/1063/files/11df9a4659d388206c41b6ce006bba9cd9188c4599d5b1e80f4bbcd5c77de54c.jpg?v=1787242376","38.90","158.80","TRUE","collections/all/products.json","DISCOVERED","DISCOVERED","","2026-09-06T23:41:32.4166246+07:00"
"201","jeminise.com","jeminise.com+personalized-baseball-bedding-full-size-flag-custom-name-d-design-26","8867181035719","","personalized-baseball-bedding-full-size-flag-custom-name-d-design-26","https://jeminise.com/products/personalized-baseball-bedding-full-size-flag-custom-name-d-design-26","https://jeminise.com/collections/all/products/personalized-baseball-bedding-full-size-flag-custom-name-d-design-26","","Personalized Baseball Bedding Full Size Flag Custom Name D - Design 26","Jeminise","Comforter Sets","amazon-import, amazon-parent-b0cg2z23p3, Baseball Fan, Baseball Lover, Comforter Set, Custom Blanket, Personalized Blanket, Sports Comforter, Sports Decor","2026-08-20T11:21:35-05:00","2026-08-20T11:13:23-05:00","2026-09-06T11:40:41-05:00","48","7","https://cdn.shopify.com/s/files/1/0792/5098/1063/files/10872798d9c1ccb7327e6cc9f4a80f3755d1b9c56f09f7f0c34b4628c3a66d40.jpg?v=1787242406","38.90","158.80","TRUE","collections/all/products.json","DISCOVERED","DISCOVERED","","2026-09-06T23:41:32.4166246+07:00"
"202","jeminise.com","jeminise.com+personalized-baseball-bedding-full-size-flag-custom-name-duvet-cover","8867178381511","","personalized-baseball-bedding-full-size-flag-custom-name-duvet-cover","https://jeminise.com/products/personalized-baseball-bedding-full-size-flag-custom-name-duvet-cover","https://jeminise.com/collections/all/products/personalized-baseball-bedding-full-size-flag-custom-name-duvet-cover","","Personalized Baseball Bedding Full Size Flag Custom Name Duvet Cover","Jeminise","Comforter Sets","amazon-import, amazon-parent-b0cg2z23p3, Baseball Comforter, Baseball Fan Gift, Comforter Set, Custom Bedding, Personalized Comforter, Sports Comforter, Sports Fan Gift","2026-08-20T11:21:12-05:00","2026-08-20T11:10:09-05:00","2026-09-06T11:40:41-05:00","48","4","https://cdn.shopify.com/s/files/1/0792/5098/1063/files/6120c8df6637ca9c4e7e50b81c3dd4c43741ee7f8d863305c8aaa2e346f43ac8.jpg?v=1787242212","38.90","158.80","TRUE","collections/all/products.json","DISCOVERED","DISCOVERED","","2026-09-06T23:41:32.4166246+07:00"
"203","jeminise.com","jeminise.com+personalized-basketball-above-hoop-and-net-comforter-with-name-and-number-ff32dd676a-ff32dd676a","8834108326087","","personalized-basketball-above-hoop-and-net-comforter-with-name-and-number-ff32dd676a-ff32dd676a","https://jeminise.com/products/personalized-basketball-above-hoop-and-net-comforter-with-name-and-number-ff32dd676a-ff32dd676a","https://jeminise.com/collections/all/products/personalized-basketball-above-hoop-and-net-comforter-with-name-and-number-ff32dd676a-ff32dd676a","","Personalized Basketball Above Hoop and Net Comforter with Name and Number","Jeminise","Comforter","amazon-import, amazon-parent-b0fhk2y43p, Comforter Set, Custom Blanket, Personalized Blanket, Sports Comforter","2026-07-26T11:54:20-05:00","2026-07-26T11:27:04-05:00","2026-09-06T11:40:41-05:00","48","5","https://cdn.shopify.com/s/files/1/0792/5098/1063/files/2da4edb231d4b79bd5ca16f85b87d5942c1739ab774dea12cb9c49b19ec464ce.jpg?v=1785083226","36.90","151.90","TRUE","collections/all/products.json","DISCOVERED","DISCOVERED","","2026-09-06T23:41:32.4166246+07:00"
"204","jeminise.com","jeminise.com+personalized-basketball-above-hoop-close-up-comforter-with-name-and-number-95487807f8-95487807f8","8834126807239","","personalized-basketball-above-hoop-close-up-comforter-with-name-and-number-95487807f8-95487807f8","https://jeminise.com/products/personalized-basketball-above-hoop-close-up-comforter-with-name-and-number-95487807f8-95487807f8","https://jeminise.com/collections/all/products/personalized-basketball-above-hoop-close-up-comforter-with-name-and-number-95487807f8-95487807f8","","Personalized Basketball Above Hoop Close Up Comforter with Name and Number","Jeminise","Comforter","amazon-import, amazon-parent-b0fhk2y43p, Comforter Set, Custom Blanket, Personalized Blanket, Sports Comforter","2026-07-26T11:54:20-05:00","2026-07-26T11:34:43-05:00","2026-09-06T11:40:41-05:00","48","7","https://cdn.shopify.com/s/files/1/0792/5098/1063/files/e76010310d011ff3ad9a8bb3a64c9782000e40a3c39f3b6d9ac833edcb86feab.jpg?v=1785083686","36.90","151.90","TRUE","collections/all/products.json","DISCOVERED","DISCOVERED","","2026-09-06T23:41:32.4166246+07:00"
"205","jeminise.com","jeminise.com+personalized-basketball-with-paint-splash-comforter-ccac4b4a9e-ccac4b4a9e","8834131755207","","personalized-basketball-with-paint-splash-comforter-ccac4b4a9e-ccac4b4a9e","https://jeminise.com/products/personalized-basketball-with-paint-splash-comforter-ccac4b4a9e-ccac4b4a9e","https://jeminise.com/collections/all/products/personalized-basketball-with-paint-splash-comforter-ccac4b4a9e-ccac4b4a9e","","Personalized Basketball Above Hoop Close Up Comforter with Name and Number","Jeminise","Comforter","amazon-import, amazon-parent-b0fhk2y43p, Comforter Set, Custom Blanket, Personalized Blanket, Sports Comforter","2026-07-26T11:54:21-05:00","2026-07-26T11:36:48-05:00","2026-09-06T11:40:41-05:00","48","5","https://cdn.shopify.com/s/files/1/0792/5098/1063/files/0735388ab031114c3a8cdcea6f61353f037481a5b72081be1f7b1927c5de837e.jpg?v=1785083810","36.90","151.90","TRUE","collections/all/products.json","DISCOVERED","DISCOVERED","","2026-09-06T23:41:32.4166246+07:00"
"206","jeminise.com","jeminise.com+personalized-basketball-ball-below-net-blanket-with-name-and-number-86aaeebf75-86aaeebf75","8834378662087","","personalized-basketball-ball-below-net-blanket-with-name-and-number-86aaeebf75-86aaeebf75","https://jeminise.com/products/personalized-basketball-ball-below-net-blanket-with-name-and-number-86aaeebf75-86aaeebf75","https://jeminise.com/collections/all/products/personalized-basketball-ball-below-net-blanket-with-name-and-number-86aaeebf75-86aaeebf75","","Personalized Basketball Ball Below Net Blanket with Name and Number","Jeminise","Blanket","amazon-import, amazon-parent-b0bty8y9v2, Blanket, Custom Blanket, Fleece Blanket, Personalized Blanket, Sherpa Blanket, Sports Blankets","2026-07-26T13:50:52-05:00","2026-07-26T13:39:04-05:00","2026-09-06T11:40:41-05:00","8","8","https://cdn.shopify.com/s/files/1/0792/5098/1063/files/c2bb883448ed6cf3fbec0a1e111b33f8aba4ab9c6fb4a5761aa3196180750f26.jpg?v=1785091146","24.90","69.90","TRUE","collections/all/products.json","DISCOVERED","DISCOVERED","","2026-09-06T23:41:32.4166246+07:00"
"207","jeminise.com","jeminise.com+personalized-basketball-below-hoop-comforter-name-number-e8b829a176-e8b829a176","8834164129991","","personalized-basketball-below-hoop-comforter-name-number-e8b829a176-e8b829a176","https://jeminise.com/products/personalized-basketball-below-hoop-comforter-name-number-e8b829a176-e8b829a176","https://jeminise.com/collections/all/products/personalized-basketball-below-hoop-comforter-name-number-e8b829a176-e8b829a176","","Personalized Basketball Below Hoop Comforter with Name and Number Design 1","Jeminise","Comforter","amazon-import, amazon-parent-b0fhk2y43p, Boys Room, Comforter Set, Custom Blanket, Personalized Blanket, Sports Comforter, Sports Gifts","2026-07-26T11:54:22-05:00","2026-07-26T11:52:46-05:00","2026-09-06T11:40:41-05:00","48","7","https://cdn.shopify.com/s/files/1/0792/5098/1063/files/cab5b6e337b8170e5d587fda0fd4f8d908f4090de167a31d95a65ad925c0334c.jpg?v=1785084769","36.90","151.90","TRUE","collections/all/products.json","DISCOVERED","DISCOVERED","","2026-09-06T23:41:32.4166246+07:00"
"208","jeminise.com","jeminise.com+personalized-basketball-below-hoop-comforter-with-name-and-number-d7a58513fd-d7a58513fd","8834147320007","","personalized-basketball-below-hoop-comforter-with-name-and-number-d7a58513fd-d7a58513fd","https://jeminise.com/products/personalized-basketball-below-hoop-comforter-with-name-and-number-d7a58513fd-d7a58513fd","https://jeminise.com/collections/all/products/personalized-basketball-below-hoop-comforter-with-name-and-number-d7a58513fd-d7a58513fd","","Personalized Basketball Below Hoop Comforter with Name and Number Design 2","Jeminise","Comforter","amazon-import, amazon-parent-b0fhk2y43p, Comforter Set, Custom Blanket, Personalized Blanket, Sports Blanket, Sports Comforter","2026-07-26T11:54:21-05:00","2026-07-26T11:44:05-05:00","2026-09-06T11:40:41-05:00","48","7","https://cdn.shopify.com/s/files/1/0792/5098/1063/files/9016b1ac78bacc978850682436c79f037add055f8cc91a42f71da7a1331afa35.jpg?v=1785084248","36.90","151.90","TRUE","collections/all/products.json","DISCOVERED","DISCOVERED","","2026-09-06T23:41:32.4166246+07:00"
"209","jeminise.com","jeminise.com+personalized-basketball-burning-flames-comforter-with-name-and-number-746598fa53-746598fa53","8834124480711","","personalized-basketball-burning-flames-comforter-with-name-and-number-746598fa53-746598fa53","https://jeminise.com/products/personalized-basketball-burning-flames-comforter-with-name-and-number-746598fa53-746598fa53","https://jeminise.com/collections/all/products/personalized-basketball-burning-flames-comforter-with-name-and-number-746598fa53-746598fa53","","Personalized Basketball Burning Flames Comforter with Name and Number","Jeminise","Comforter","amazon-import, amazon-parent-b0fhk2y43p, Comforter Set, Custom Blanket, Personalized Blanket, Sports Comforter","2026-07-26T11:54:22-05:00","2026-07-26T11:33:35-05:00","2026-09-06T11:40:41-05:00","48","7","https://cdn.shopify.com/s/files/1/0792/5098/1063/files/feed756e53a8713250d852d14ff17030563fa83f39a69856bcee35b1296ff849.jpg?v=1785083617","36.90","151.90","TRUE","collections/all/products.json","DISCOVERED","DISCOVERED","","2026-09-06T23:41:32.4166246+07:00"
"210","jeminise.com","jeminise.com+personalized-basketball-close-up-blanket-with-name-and-number-3f49346de1-3f49346de1","8834328592583","","personalized-basketball-close-up-blanket-with-name-and-number-3f49346de1-3f49346de1","https://jeminise.com/products/personalized-basketball-close-up-blanket-with-name-and-number-3f49346de1-3f49346de1","https://jeminise.com/collections/all/products/personalized-basketball-close-up-blanket-with-name-and-number-3f49346de1-3f49346de1","","Personalized Basketball Close Up Blanket with Name and Number","Jeminise","Blanket","amazon-import, amazon-parent-b0bty8y9v2, Blanket, Custom Blanket, Fleece Blanket, Personalized Blanket, Sherpa Blanket, Sports Blankets","2026-07-26T13:50:53-05:00","2026-07-26T13:23:12-05:00","2026-09-06T11:40:41-05:00","8","7","https://cdn.shopify.com/s/files/1/0792/5098/1063/files/78d78a23db488e01e985563840785e6ce66c7ce7fb31ea728c0c93a0cf727eba.jpg?v=1785090194","24.90","69.90","TRUE","collections/all/products.json","DISCOVERED","DISCOVERED","","2026-09-06T23:41:32.4166246+07:00"
"211","jeminise.com","jeminise.com+personalized-basketball-close-up-with-number-blanket-with-name-and-number-f16f46abef-f16f46abef","8834374402247","","personalized-basketball-close-up-with-number-blanket-with-name-and-number-f16f46abef-f16f46abef","https://jeminise.com/products/personalized-basketball-close-up-with-number-blanket-with-name-and-number-f16f46abef-f16f46abef","https://jeminise.com/collections/all/products/personalized-basketball-close-up-with-number-blanket-with-name-and-number-f16f46abef-f16f46abef","","Personalized Basketball Close Up with Number Blanket with Name and Number","Jeminise","Blanket","amazon-import, amazon-parent-b0bty8y9v2, Blanket, Custom Blanket, Personalized Blanket, Sports Blankets","2026-07-26T13:50:54-05:00","2026-07-26T13:37:54-05:00","2026-09-06T11:40:41-05:00","1","9","https://cdn.shopify.com/s/files/1/0792/5098/1063/files/493c47531c92c894148db941dc2def6351acb5d929c8eb565563040e9978fb4d.jpg?v=1785091077","24.90","24.90","TRUE","collections/all/products.json","DISCOVERED","DISCOVERED","","2026-09-06T23:41:32.4166246+07:00"
"212","jeminise.com","jeminise.com+personalized-basketball-court-perspective-comforter-with-name-and-number-5545af9fa4-5545af9fa4","8834121498823","","personalized-basketball-court-perspective-comforter-with-name-and-number-5545af9fa4-5545af9fa4","https://jeminise.com/products/personalized-basketball-court-perspective-comforter-with-name-and-number-5545af9fa4-5545af9fa4","https://jeminise.com/collections/all/products/personalized-basketball-court-perspective-comforter-with-name-and-number-5545af9fa4-5545af9fa4","","Personalized Basketball Court Perspective Comforter with Name and Number","Jeminise","Comforter","amazon-import, amazon-parent-b0fhk2y43p, Comforter Set, Custom Blanket, Personalized Blanket, Sports Comforter","2026-07-26T11:54:23-05:00","2026-07-26T11:32:15-05:00","2026-09-06T11:40:41-05:00","48","7","https://cdn.shopify.com/s/files/1/0792/5098/1063/files/ba02c3300feae07e20cbe40095f270647fc6b5e9bc9f58ef5ac013c9fc0dbfa3.jpg?v=1785083537","36.90","151.90","TRUE","collections/all/products.json","DISCOVERED","DISCOVERED","","2026-09-06T23:41:32.4166246+07:00"
"213","jeminise.com","jeminise.com+personalized-basketball-cracked-wall-comforter-with-name-and-number-aeaddaa506-aeaddaa506","8834150170823","","personalized-basketball-cracked-wall-comforter-with-name-and-number-aeaddaa506-aeaddaa506","https://jeminise.com/products/personalized-basketball-cracked-wall-comforter-with-name-and-number-aeaddaa506-aeaddaa506","https://jeminise.com/collections/all/products/personalized-basketball-cracked-wall-comforter-with-name-and-number-aeaddaa506-aeaddaa506","","Personalized Basketball Cracked Wall Comforter with Name and Number","Jeminise","Comforter","amazon-import, amazon-parent-b0fhk2y43p, Boys Room, Comforter Set, Custom Blanket, Personalized Blanket, Sports Comforter","2026-07-26T11:54:23-05:00","2026-07-26T11:45:36-05:00","2026-09-06T11:40:41-05:00","48","7","https://cdn.shopify.com/s/files/1/0792/5098/1063/files/981767482a801517161c257ae6effe203e6faf4b166b065307d3a93a1bae6965.jpg?v=1785084338","36.90","151.90","TRUE","collections/all/products.json","DISCOVERED","DISCOVERED","","2026-09-06T23:41:32.4166246+07:00"
"214","jeminise.com","jeminise.com+personalized-basketball-entering-net-comforter-e55e615fd3-e55e615fd3","8834158067911","","personalized-basketball-entering-net-comforter-e55e615fd3-e55e615fd3","https://jeminise.com/products/personalized-basketball-entering-net-comforter-e55e615fd3-e55e615fd3","https://jeminise.com/collections/all/products/personalized-basketball-entering-net-comforter-e55e615fd3-e55e615fd3","","Personalized Basketball Entering Net Comforter with Name and Number","Jeminise","Comforter","amazon-import, amazon-parent-b0fhk2y43p, Comforter Set, Custom Blanket, Personalized Blanket, Sports Comforter","2026-07-26T11:54:24-05:00","2026-07-26T11:49:07-05:00","2026-09-06T11:40:41-05:00","48","5","https://cdn.shopify.com/s/files/1/0792/5098/1063/files/5c00fb358cea9806c4159f1c05a98e1ba66260416b04fc75b7fb665b58d231e5.jpg?v=1785084549","36.90","151.90","TRUE","collections/all/products.json","DISCOVERED","DISCOVERED","","2026-09-06T23:41:32.4166246+07:00"
"215","jeminise.com","jeminise.com+personalized-basketball-fire-and-water-splash-blanket-with-name-and-number-b05a53f208-b05a53f208","8834325414087","","personalized-basketball-fire-and-water-splash-blanket-with-name-and-number-b05a53f208-b05a53f208","https://jeminise.com/products/personalized-basketball-fire-and-water-splash-blanket-with-name-and-number-b05a53f208-b05a53f208","https://jeminise.com/collections/all/products/personalized-basketball-fire-and-water-splash-blanket-with-name-and-number-b05a53f208-b05a53f208","","Personalized Basketball Fire and Water Splash Blanket with Name and Number","Jeminise","Blanket","amazon-import, amazon-parent-b0bty8y9v2, Blanket, Custom Blanket, Fleece Blanket, Personalized Blanket, Sherpa Blanket, Sports Blankets","2026-07-26T13:50:54-05:00","2026-07-26T13:21:57-05:00","2026-09-06T11:40:41-05:00","8","8","https://cdn.shopify.com/s/files/1/0792/5098/1063/files/6670191f6387d4bb9a95bcb7fe3584235e5227dc4e72d2ec01cb802841acf2d1.jpg?v=1785090119","24.90","69.90","TRUE","collections/all/products.json","DISCOVERED","DISCOVERED","","2026-09-06T23:41:32.4166246+07:00"
"216","jeminise.com","jeminise.com+personalized-basketball-flames-flying-over-comforter-with-name-and-number-feb4be1ea4-feb4be1ea4","8834104852679","","personalized-basketball-flames-flying-over-comforter-with-name-and-number-feb4be1ea4-feb4be1ea4","https://jeminise.com/products/personalized-basketball-flames-flying-over-comforter-with-name-and-number-feb4be1ea4-feb4be1ea4","https://jeminise.com/collections/all/products/personalized-basketball-flames-flying-over-comforter-with-name-and-number-feb4be1ea4-feb4be1ea4","","Personalized Basketball Flames Flying Over Comforter with Name and Number","Jeminise","Comforter","amazon-import, amazon-parent-b0fhk2y43p, Comforter Set, Custom Blanket, Personalized Blanket, Sports Comforter","2026-07-26T11:54:24-05:00","2026-07-26T11:25:32-05:00","2026-09-06T11:40:41-05:00","48","7","https://cdn.shopify.com/s/files/1/0792/5098/1063/files/9cb3fc6270024b604cde79d6a526338481c20330753208655bd973a69c512b14.jpg?v=1785083134","36.90","151.90","TRUE","collections/all/products.json","DISCOVERED","DISCOVERED","","2026-09-06T23:41:32.4166246+07:00"
"217","jeminise.com","jeminise.com+personalized-basketball-glowing-light-burst-comforter-with-name-and-number-3bc9e1267e-3bc9e1267e","8834118844615","","personalized-basketball-glowing-light-burst-comforter-with-name-and-number-3bc9e1267e-3bc9e1267e","https://jeminise.com/products/personalized-basketball-glowing-light-burst-comforter-with-name-and-number-3bc9e1267e-3bc9e1267e","https://jeminise.com/collections/all/products/personalized-basketball-glowing-light-burst-comforter-with-name-and-number-3bc9e1267e-3bc9e1267e","","Personalized Basketball Glowing Light Burst Comforter with Name and Number","Jeminise","Comforter","amazon-import, amazon-parent-b0fhk2y43p, Comforter Set, Custom Blanket, Personalized Blanket, Sports Comforter","2026-07-26T11:54:25-05:00","2026-07-26T11:30:52-05:00","2026-09-06T11:40:41-05:00","48","7","https://cdn.shopify.com/s/files/1/0792/5098/1063/files/5e6a0504690a083cac0a3e9a0f9e115f6c30704abb48be8be9c1c30cdf20d364.jpg?v=1785083454","36.90","151.90","TRUE","collections/all/products.json","DISCOVERED","DISCOVERED","","2026-09-06T23:41:32.4166246+07:00"
"218","jeminise.com","jeminise.com+personalized-basketball-held-by-hand-on-court-blanket-with-name-and-number-079998b76f-079998b76f","8834383216839","","personalized-basketball-held-by-hand-on-court-blanket-with-name-and-number-079998b76f-079998b76f","https://jeminise.com/products/personalized-basketball-held-by-hand-on-court-blanket-with-name-and-number-079998b76f-079998b76f","https://jeminise.com/collections/all/products/personalized-basketball-held-by-hand-on-court-blanket-with-name-and-number-079998b76f-079998b76f","","Personalized Basketball Held By Hand on Court Blanket with Name and Number","Jeminise","Blanket","amazon-import, amazon-parent-b0bty8y9v2, Blanket, Custom Blanket, Fleece Blanket, Personalized Blanket, Sherpa Blanket, Sports Blankets","2026-07-26T13:50:55-05:00","2026-07-26T13:40:27-05:00","2026-09-06T11:40:41-05:00","8","8","https://cdn.shopify.com/s/files/1/0792/5098/1063/files/c12a7503c975876e784bc8478968b630f9766736e15cde2e78e2c302551d2885.jpg?v=1785091229","24.90","69.90","TRUE","collections/all/products.json","DISCOVERED","DISCOVERED","","2026-09-06T23:41:32.4166246+07:00"
"219","jeminise.com","jeminise.com+personalized-basketball-held-under-player-arm-blanket-with-name-and-number-7a077c5144-7a077c5144","8834364113095","","personalized-basketball-held-under-player-arm-blanket-with-name-and-number-7a077c5144-7a077c5144","https://jeminise.com/products/personalized-basketball-held-under-player-arm-blanket-with-name-and-number-7a077c5144-7a077c5144","https://jeminise.com/collections/all/products/personalized-basketball-held-under-player-arm-blanket-with-name-and-number-7a077c5144-7a077c5144","","Personalized Basketball Held Under Player Arm Blanket with Name and Number","Jeminise","Blanket","amazon-import, amazon-parent-b0bty8y9v2, Blanket, Custom Blanket, Fleece Blanket, Personalized Blanket, Sherpa Blanket, Sports Blankets","2026-07-26T13:50:55-05:00","2026-07-26T13:34:19-05:00","2026-09-06T11:40:41-05:00","8","8","https://cdn.shopify.com/s/files/1/0792/5098/1063/files/ed96114b904034e03b92d662d6c7e17d518593009bf80dcfe921f1ab3b3498eb.jpg?v=1785090862","24.90","69.90","TRUE","collections/all/products.json","DISCOVERED","DISCOVERED","","2026-09-06T23:41:32.4166246+07:00"
"220","jeminise.com","jeminise.com+personalized-basketball-hoop-comforter-name-number-863d6f6ff1-863d6f6ff1","8834138177735","","personalized-basketball-hoop-comforter-name-number-863d6f6ff1-863d6f6ff1","https://jeminise.com/products/personalized-basketball-hoop-comforter-name-number-863d6f6ff1-863d6f6ff1","https://jeminise.com/collections/all/products/personalized-basketball-hoop-comforter-name-number-863d6f6ff1-863d6f6ff1","","Personalized Basketball Hoop Comforter with Name and Number","Jeminise","Comforter","amazon-import, amazon-parent-b0fhk2y43p, Comforter Set, Custom Blanket, Personalized Blanket, Sports Comforter","2026-07-26T11:54:25-05:00","2026-07-26T11:39:51-05:00","2026-09-06T11:40:41-05:00","48","7","https://cdn.shopify.com/s/files/1/0792/5098/1063/files/54a5702437a6f7b02a981540b13584efcc636acaebc5e7e5190b6f4f939806bc.jpg?v=1785083993","36.90","151.90","TRUE","collections/all/products.json","DISCOVERED","DISCOVERED","","2026-09-06T23:41:32.4166246+07:00"
"221","jeminise.com","jeminise.com+personalized-basketball-hoop-with-net-close-up-blanket-with-name-and-number-cc637164fc-cc637164fc","8834320859335","","personalized-basketball-hoop-with-net-close-up-blanket-with-name-and-number-cc637164fc-cc637164fc","https://jeminise.com/products/personalized-basketball-hoop-with-net-close-up-blanket-with-name-and-number-cc637164fc-cc637164fc","https://jeminise.com/collections/all/products/personalized-basketball-hoop-with-net-close-up-blanket-with-name-and-number-cc637164fc-cc637164fc","","Personalized Basketball Hoop with Net Close Up Blanket with Name and Number","Jeminise","Blanket","amazon-import, amazon-parent-b0bty8y9v2, Blanket, Custom Blanket, Fleece Blanket, Personalized Blanket, Sherpa Blanket, Sports Blankets","2026-07-26T13:50:56-05:00","2026-07-26T13:20:25-05:00","2026-09-06T11:40:41-05:00","8","8","https://cdn.shopify.com/s/files/1/0792/5098/1063/files/c49417ab0d13e3778d9b2eb2daa0c4f87441023b828e400cb4346bb4f19dc6df.jpg?v=1785090026","24.90","69.90","TRUE","collections/all/products.json","DISCOVERED","DISCOVERED","","2026-09-06T23:41:32.4166246+07:00"
"222","jeminise.com","jeminise.com+personalized-basketball-next-to-athletic-shoes-blanket-with-name-and-number-dfbf4fde2f-dfbf4fde2f","8834357756103","","personalized-basketball-next-to-athletic-shoes-blanket-with-name-and-number-dfbf4fde2f-dfbf4fde2f","https://jeminise.com/products/personalized-basketball-next-to-athletic-shoes-blanket-with-name-and-number-dfbf4fde2f-dfbf4fde2f","https://jeminise.com/collections/all/products/personalized-basketball-next-to-athletic-shoes-blanket-with-name-and-number-dfbf4fde2f-dfbf4fde2f","","Personalized Basketball Next To Athletic Shoes Blanket with Name and Number","Jeminise","Blanket","amazon-import, amazon-parent-b0bty8y9v2, Blanket, Custom Blanket, Fleece Blanket, Personalized Blanket, Sherpa Blanket, Sports Blankets","2026-07-26T13:50:56-05:00","2026-07-26T13:32:42-05:00","2026-09-06T11:40:41-05:00","8","8","https://cdn.shopify.com/s/files/1/0792/5098/1063/files/e2861fbcd5f006a5bb0af97219ddd9312e8da08544b46cce6d91115de8acbccf.jpg?v=1785090764","24.90","69.90","TRUE","collections/all/products.json","DISCOVERED","DISCOVERED","","2026-09-06T23:41:32.4166246+07:00"
"223","jeminise.com","jeminise.com+personalized-basketball-on-court-lines-comforter-name-number-303fbd50f6-303fbd50f6","8834162819271","","personalized-basketball-on-court-lines-comforter-name-number-303fbd50f6-303fbd50f6","https://jeminise.com/products/personalized-basketball-on-court-lines-comforter-name-number-303fbd50f6-303fbd50f6","https://jeminise.com/collections/all/products/personalized-basketball-on-court-lines-comforter-name-number-303fbd50f6-303fbd50f6","","Personalized Basketball on Court Lines Comforter with Name and Number","Jeminise","Comforter","amazon-import, amazon-parent-b0fhk2y43p, Comforter Set, Custom Blanket, Personalized Blanket, Sports Comforter","2026-07-26T11:54:26-05:00","2026-07-26T11:51:25-05:00","2026-09-06T11:40:41-05:00","48","7","https://cdn.shopify.com/s/files/1/0792/5098/1063/files/33b688d4088124fe331e08ea00fc8632e764a28ae97022ce27b37c395ab290d5.jpg?v=1785084687","36.90","151.90","TRUE","collections/all/products.json","DISCOVERED","DISCOVERED","","2026-09-06T23:41:32.4166246+07:00"
"224","jeminise.com","jeminise.com+personalized-basketball-on-court-perspective-comforter-with-name-and-number-1acfbe4260-1acfbe4260","8834143813831","","personalized-basketball-on-court-perspective-comforter-with-name-and-number-1acfbe4260-1acfbe4260","https://jeminise.com/products/personalized-basketball-on-court-perspective-comforter-with-name-and-number-1acfbe4260-1acfbe4260","https://jeminise.com/collections/all/products/personalized-basketball-on-court-perspective-comforter-with-name-and-number-1acfbe4260-1acfbe4260","","Personalized Basketball on Court Perspective Comforter with Name and Number","Jeminise","Comforter","amazon-import, amazon-parent-b0fhk2y43p, Comforter Set, Custom Blanket, Family Blanket, Personalized Blanket, Sports Blankets, Sports Comforter","2026-07-26T11:54:26-05:00","2026-07-26T11:42:35-05:00","2026-09-06T11:40:41-05:00","48","5","https://cdn.shopify.com/s/files/1/0792/5098/1063/files/91d6a903f85c434e48a00cbe7460d13af8ee2b244fe709f34179db2d2f0a6e07.jpg?v=1785084157","36.90","151.90","TRUE","collections/all/products.json","DISCOVERED","DISCOVERED","","2026-09-06T23:41:32.4166246+07:00"
"225","jeminise.com","jeminise.com+personalized-basketball-on-hardwood-court-comforter-with-name-and-number-8aee799947-8aee799947","8834152693959","","personalized-basketball-on-hardwood-court-comforter-with-name-and-number-8aee799947-8aee799947","https://jeminise.com/products/personalized-basketball-on-hardwood-court-comforter-with-name-and-number-8aee799947-8aee799947","https://jeminise.com/collections/all/products/personalized-basketball-on-hardwood-court-comforter-with-name-and-number-8aee799947-8aee799947","","Personalized Basketball on Hardwood Court Comforter with Name and Number","Jeminise","Comforter","amazon-import, amazon-parent-b0fhk2y43p, Comforter Set, Custom Blanket, Personalized Blanket, Sports Comforter","2026-07-26T11:54:27-05:00","2026-07-26T11:46:47-05:00","2026-09-06T11:40:41-05:00","48","5","https://cdn.shopify.com/s/files/1/0792/5098/1063/files/ffcfeaf24698d77abe032f4f4452dc08d2587593aec6a65ed4456c5037528e11.jpg?v=1785084409","36.90","151.90","TRUE","collections/all/products.json","DISCOVERED","DISCOVERED","","2026-09-06T23:41:32.4166246+07:00"
"226","jeminise.com","jeminise.com+personalized-neon-basketball-player-blanket-788fb6ae63-788fb6ae63","8834404090055","","personalized-neon-basketball-player-blanket-788fb6ae63-788fb6ae63","https://jeminise.com/products/personalized-neon-basketball-player-blanket-788fb6ae63-788fb6ae63","https://jeminise.com/collections/all/products/personalized-neon-basketball-player-blanket-788fb6ae63-788fb6ae63","","Personalized Basketball Player Blanket with Name and Number","Jeminise","Blanket","amazon-import, amazon-parent-b0bty8y9v2, Blanket, Custom Blanket, Fleece Blanket, Personalized Blanket, Sherpa Blanket, Sports Blankets","2026-07-26T13:50:57-05:00","2026-07-26T13:47:43-05:00","2026-09-06T11:40:41-05:00","8","8","https://cdn.shopify.com/s/files/1/0792/5098/1063/files/58f5b3273d47b7f3db52286fe39fad0cea4982867011cf3936622fed299fd05d.jpg?v=1785091666","24.90","69.90","TRUE","collections/all/products.json","DISCOVERED","DISCOVERED","","2026-09-06T23:41:32.4166246+07:00"
"227","jeminise.com","jeminise.com+personalized-basketball-player-front-blanket-with-name-and-number-258e7f9e2e-258e7f9e2e","8834397372615","","personalized-basketball-player-front-blanket-with-name-and-number-258e7f9e2e-258e7f9e2e","https://jeminise.com/products/personalized-basketball-player-front-blanket-with-name-and-number-258e7f9e2e-258e7f9e2e","https://jeminise.com/collections/all/products/personalized-basketball-player-front-blanket-with-name-and-number-258e7f9e2e-258e7f9e2e","","Personalized Basketball Player Front Blanket with Name and Number","Jeminise","Blanket","amazon-import, amazon-parent-b0bty8y9v2, Blanket, Custom Blanket, Fleece Blanket, Personalized Blanket, Sherpa Blanket, Sports Blankets","2026-07-26T13:50:57-05:00","2026-07-26T13:45:33-05:00","2026-09-06T11:40:41-05:00","8","8","https://cdn.shopify.com/s/files/1/0792/5098/1063/files/e7af4c673db50adbd0b97bc2f9c73203d588f5db01067be9782ed327e2addbcc.jpg?v=1785091535","24.90","69.90","TRUE","collections/all/products.json","DISCOVERED","DISCOVERED","","2026-09-06T23:41:32.4166246+07:00"
"228","jeminise.com","jeminise.com+personalized-basketball-player-silhouette-blanket-with-name-and-number-35f8822fba-35f8822fba","8834339537095","","personalized-basketball-player-silhouette-blanket-with-name-and-number-35f8822fba-35f8822fba","https://jeminise.com/products/personalized-basketball-player-silhouette-blanket-with-name-and-number-35f8822fba-35f8822fba","https://jeminise.com/collections/all/products/personalized-basketball-player-silhouette-blanket-with-name-and-number-35f8822fba-35f8822fba","","Personalized Basketball Player Silhouette Blanket with Name and Number","Jeminise","Blanket","amazon-import, amazon-parent-b0bty8y9v2, Blanket, Custom Blanket, Fleece Blanket, Personalized Blanket, Sherpa Blanket, Sports Blankets","2026-07-26T13:50:58-05:00","2026-07-26T13:26:47-05:00","2026-09-06T11:40:41-05:00","8","8","https://cdn.shopify.com/s/files/1/0792/5098/1063/files/c5cf85f0528a2e74eb7dba3b41a804614e3ff4bd0807c5c955363e48f556f0cf.jpg?v=1785090409","24.90","69.90","TRUE","collections/all/products.json","DISCOVERED","DISCOVERED","","2026-09-06T23:41:32.4166246+07:00"
"229","jeminise.com","jeminise.com+personalized-basketball-players-and-hoops-comforter-with-name-and-number-ff13bad888-ff13bad888","8834140963015","","personalized-basketball-players-and-hoops-comforter-with-name-and-number-ff13bad888-ff13bad888","https://jeminise.com/products/personalized-basketball-players-and-hoops-comforter-with-name-and-number-ff13bad888-ff13bad888","https://jeminise.com/collections/all/products/personalized-basketball-players-and-hoops-comforter-with-name-and-number-ff13bad888-ff13bad888","","Personalized Basketball Players and Hoops Comforter with Name and Number","Jeminise","Comforter","amazon-import, amazon-parent-b0fhk2y43p, Comforter Set, Custom Blanket, Personalized Blanket, Sports Comforter","2026-07-26T11:54:27-05:00","2026-07-26T11:41:06-05:00","2026-09-06T11:40:41-05:00","48","7","https://cdn.shopify.com/s/files/1/0792/5098/1063/files/685ba02ac47da1094c7abd85255507359115fba2c6366d42bbc80f5696031927.jpg?v=1785084068","36.90","151.90","TRUE","collections/all/products.json","DISCOVERED","DISCOVERED","","2026-09-06T23:41:32.4166246+07:00"
"230","jeminise.com","jeminise.com+personalized-basketball-shattered-glass-comforter-with-name-and-number-353fc0c17e-353fc0c17e","8834135851207","","personalized-basketball-shattered-glass-comforter-with-name-and-number-353fc0c17e-353fc0c17e","https://jeminise.com/products/personalized-basketball-shattered-glass-comforter-with-name-and-number-353fc0c17e-353fc0c17e","https://jeminise.com/collections/all/products/personalized-basketball-shattered-glass-comforter-with-name-and-number-353fc0c17e-353fc0c17e","","Personalized Basketball Shattered Glass Comforter with Name and Number","Jeminise","Comforter","amazon-import, amazon-parent-b0fhk2y43p, Comforter Set, Custom Blanket, Personalized Blanket, Sports Blanket, Sports Comforter","2026-07-26T11:54:28-05:00","2026-07-26T11:38:34-05:00","2026-09-06T11:40:41-05:00","48","6","https://cdn.shopify.com/s/files/1/0792/5098/1063/files/8e87fd3cb940717e1f8927d27f22f6f0f64f11649cd6325adca3321674c49366.jpg?v=1785083916","36.90","151.90","TRUE","collections/all/products.json","DISCOVERED","DISCOVERED","","2026-09-06T23:41:32.4166246+07:00"
"231","jeminise.com","jeminise.com+personalized-basketball-splattered-background-blanket-with-name-and-number-688a034f2b-688a034f2b","8834369913031","","personalized-basketball-splattered-background-blanket-with-name-and-number-688a034f2b-688a034f2b","https://jeminise.com/products/personalized-basketball-splattered-background-blanket-with-name-and-number-688a034f2b-688a034f2b","https://jeminise.com/collections/all/products/personalized-basketball-splattered-background-blanket-with-name-and-number-688a034f2b-688a034f2b","","Personalized Basketball Splattered Background Blanket with Name and Number","Jeminise","Blanket","amazon-import, amazon-parent-b0bty8y9v2, Blanket, Custom Blanket, Fleece Blanket, Personalized Blanket, Sherpa Blanket, Sports Blankets","2026-07-26T13:50:58-05:00","2026-07-26T13:36:32-05:00","2026-09-06T11:40:41-05:00","8","7","https://cdn.shopify.com/s/files/1/0792/5098/1063/files/f3d2f030defe4d231f35a2160030cc72356b744bcce7388b779a1ad7fe4bbb85.jpg?v=1785090994","21.90","66.90","TRUE","collections/all/products.json","DISCOVERED","DISCOVERED","","2026-09-06T23:41:32.4166246+07:00"
"232","jeminise.com","jeminise.com+personalized-basketball-comforter-name-number-8b33ffb283-8b33ffb283","8834129199303","","personalized-basketball-comforter-name-number-8b33ffb283-8b33ffb283","https://jeminise.com/products/personalized-basketball-comforter-name-number-8b33ffb283-8b33ffb283","https://jeminise.com/collections/all/products/personalized-basketball-comforter-name-number-8b33ffb283-8b33ffb283","","Personalized Basketball with Paint Splash Comforter with Name and Number","Jeminise","Comforter","amazon-import, amazon-parent-b0fhk2y43p, Comforter Set, Custom Blanket, Personalized Blanket, Sports Blanket, Sports Comforter","2026-07-26T11:54:28-05:00","2026-07-26T11:35:47-05:00","2026-09-06T11:40:41-05:00","48","7","https://cdn.shopify.com/s/files/1/0792/5098/1063/files/c93abc2d1898632414b01a29ac0306be49ae8369dce6a039bbba1ca74a505bce.jpg?v=1785083749","36.90","151.90","TRUE","collections/all/products.json","DISCOVERED","DISCOVERED","","2026-09-06T23:41:32.4166246+07:00"
"233","jeminise.com","jeminise.com+personalized-basketball-with-reflection-blanket-with-name-and-number-266702782c-266702782c","8834316763335","","personalized-basketball-with-reflection-blanket-with-name-and-number-266702782c-266702782c","https://jeminise.com/products/personalized-basketball-with-reflection-blanket-with-name-and-number-266702782c-266702782c","https://jeminise.com/collections/all/products/personalized-basketball-with-reflection-blanket-with-name-and-number-266702782c-266702782c","","Personalized Basketball with Reflection Blanket with Name and Number","Jeminise","Blanket","amazon-import, amazon-parent-b0bty8y9v2, Blanket, Custom Blanket, Fleece Blanket, Personalized Blanket, Sherpa Blanket, Sports Blankets","2026-07-26T13:50:59-05:00","2026-07-26T13:18:40-05:00","2026-09-06T11:40:41-05:00","8","8","https://cdn.shopify.com/s/files/1/0792/5098/1063/files/600ef20efe03a232346b71e0a4bbe650063e99e868088cb1554ca81e2094b1af.jpg?v=1785089923","24.90","69.90","TRUE","collections/all/products.json","DISCOVERED","DISCOVERED","","2026-09-06T23:41:32.4166246+07:00"
"234","jeminise.com","jeminise.com+personalized-basketball-with-water-splash-comforter-b19c11c80c-b19c11c80c","8834116124871","","personalized-basketball-with-water-splash-comforter-b19c11c80c-b19c11c80c","https://jeminise.com/products/personalized-basketball-with-water-splash-comforter-b19c11c80c-b19c11c80c","https://jeminise.com/collections/all/products/personalized-basketball-with-water-splash-comforter-b19c11c80c-b19c11c80c","","Personalized Basketball with Water Splash Comforter with Name and Number","Jeminise","Comforter","amazon-import, amazon-parent-b0fhk2y43p, Comforter Set, Custom Blanket, Personalized Blanket, Sports Comforter","2026-07-26T11:54:29-05:00","2026-07-26T11:29:45-05:00","2026-09-06T11:40:41-05:00","48","5","https://cdn.shopify.com/s/files/1/0792/5098/1063/files/03495ae441ccc16d244c7e7f88bcc3a5f0db88a93255a84d2a91c8f7767459e5.jpg?v=1785083387","36.90","151.90","TRUE","collections/all/products.json","DISCOVERED","DISCOVERED","","2026-09-06T23:41:32.4166246+07:00"
"235","jeminise.com","jeminise.com+personalized-bigfoot-by-campfire-bedding-quilt-sets-bigfoot-13","8859716976839","","personalized-bigfoot-by-campfire-bedding-quilt-sets-bigfoot-13","https://jeminise.com/products/personalized-bigfoot-by-campfire-bedding-quilt-sets-bigfoot-13","https://jeminise.com/collections/all/products/personalized-bigfoot-by-campfire-bedding-quilt-sets-bigfoot-13","","Personalized Bigfoot by Campfire Bedding Quilt Sets - Bigfoot 13","Jeminise","Quilt Sets","amazon-import, amazon-parent-b0fgjqf58t, Bigfoot Quilt, Custom Blanket, Fantasy Blankets, Personalized Blanket, Quilt Set, Thoughtful Gift, Wildlife Quilt","2026-08-12T15:59:12-05:00","2026-08-12T15:55:40-05:00","2026-09-06T11:40:41-05:00","15","7","https://cdn.shopify.com/s/files/1/0792/5098/1063/files/5b9cc24fd4fa9f98876b7a9407da4d2f8b249555c4701b4ff1ec23672770dfda.jpg?v=1786568143","51.90","115.85","TRUE","collections/all/products.json","DISCOVERED","DISCOVERED","","2026-09-06T23:41:32.4166246+07:00"
"236","jeminise.com","jeminise.com+personalized-bigfoot-by-campfire-bedding-quilt-sets-bigfoot-16","8859711930567","","personalized-bigfoot-by-campfire-bedding-quilt-sets-bigfoot-16","https://jeminise.com/products/personalized-bigfoot-by-campfire-bedding-quilt-sets-bigfoot-16","https://jeminise.com/collections/all/products/personalized-bigfoot-by-campfire-bedding-quilt-sets-bigfoot-16","","Personalized Bigfoot by Campfire Bedding Quilt Sets - Bigfoot 16","Jeminise","Quilt Sets","amazon-import, amazon-parent-b0fgjqf58t, Bigfoot Quilt, Custom Blanket, Fantasy Blankets, Personalized Blanket, Quilt Set, Thoughtful Gift, Wildlife Quilt","2026-08-12T15:53:48-05:00","2026-08-12T15:51:47-05:00","2026-09-06T11:40:41-05:00","15","7","https://cdn.shopify.com/s/files/1/0792/5098/1063/files/3d1b2ddaeecd7c8d811b54aa68a20de178d89427678c14ad8b12ca969f1a281a.jpg?v=1786567909","51.90","115.85","TRUE","collections/all/products.json","DISCOVERED","DISCOVERED","","2026-09-06T23:41:32.4166246+07:00"
"237","jeminise.com","jeminise.com+personalized-bigfoot-campfire-night-forest-quilt-sets-bigfoot-14","8859717763271","","personalized-bigfoot-campfire-night-forest-quilt-sets-bigfoot-14","https://jeminise.com/products/personalized-bigfoot-campfire-night-forest-quilt-sets-bigfoot-14","https://jeminise.com/collections/all/products/personalized-bigfoot-campfire-night-forest-quilt-sets-bigfoot-14","","Personalized Bigfoot Campfire Night Forest Quilt Sets - Bigfoot 14","Jeminise","Quilt Sets","amazon-import, amazon-parent-b0fgjqf58t, Bigfoot Enthusiast Gift, Couple Blanket, Family Blanket, Fantasy Blankets, Quilt Set","2026-08-12T15:59:14-05:00","2026-08-12T15:56:11-05:00","2026-09-06T11:40:41-05:00","15","7","https://cdn.shopify.com/s/files/1/0792/5098/1063/files/5c784c61a4eac38f0049649cdd0d88bbd41eda666b6d97fe6c85f83e2c0788f0.jpg?v=1786568173","51.90","115.85","TRUE","collections/all/products.json","DISCOVERED","DISCOVERED","","2026-09-06T23:41:32.4166246+07:00"
"238","jeminise.com","jeminise.com+personalized-bigfoot-forest-silhouette-quilt-sets-machine-washable","8859718451399","","personalized-bigfoot-forest-silhouette-quilt-sets-machine-washable","https://jeminise.com/products/personalized-bigfoot-forest-silhouette-quilt-sets-machine-washable","https://jeminise.com/collections/all/products/personalized-bigfoot-forest-silhouette-quilt-sets-machine-washable","","Personalized Bigfoot Forest Silhouette Quilt Sets, Machine Washable","Jeminise","Quilt Sets","amazon-import, amazon-parent-b0fgjqf58t, Bigfoot Lovers, Camping Gift, Couple Blanket, Family Blanket, Personalized Blanket, Quilt Set, Wildlife Quilt","2026-08-12T15:59:17-05:00","2026-08-12T15:56:46-05:00","2026-09-06T11:40:41-05:00","15","7","https://cdn.shopify.com/s/files/1/0792/5098/1063/files/93459b29c39aff0230c6bf75ddd7e69e8a8d5a03ceb074e9698e8381fbfc4422.jpg?v=1786568209","51.90","115.85","TRUE","collections/all/products.json","DISCOVERED","DISCOVERED","","2026-09-06T23:41:32.4166246+07:00"
"239","jeminise.com","jeminise.com+personalized-bigfoot-full-moon-forest-quilt-set-machine-w-design-12","8859718058183","","personalized-bigfoot-full-moon-forest-quilt-set-machine-w-design-12","https://jeminise.com/products/personalized-bigfoot-full-moon-forest-quilt-set-machine-w-design-12","https://jeminise.com/collections/all/products/personalized-bigfoot-full-moon-forest-quilt-set-machine-w-design-12","","Personalized Bigfoot Full Moon Forest Quilt Set, Machine W - Design 12","Jeminise","Quilt Sets","amazon-import, amazon-parent-b0fgjqf58t, Bigfoot Enthusiast Gift, Couples & Family Blankets, Cozy Bedding, Fantasy Blankets, Nature Lover Gift, Personalized Blanket, Quilt Set","2026-08-12T15:59:14-05:00","2026-08-12T15:56:23-05:00","2026-09-06T11:40:41-05:00","15","7","https://cdn.shopify.com/s/files/1/0792/5098/1063/files/f733d8c68c2369e8c6ecd79cd128a14826804428a1e2ac6bb15fb29b793d6bf3.jpg?v=1786568185","51.90","115.85","TRUE","collections/all/products.json","DISCOVERED","DISCOVERED","","2026-09-06T23:41:32.4166246+07:00"
"240","jeminise.com","jeminise.com+personalized-bigfoot-moon-mountain-night-quilt-set-machine-washable","8859718320327","","personalized-bigfoot-moon-mountain-night-quilt-set-machine-washable","https://jeminise.com/products/personalized-bigfoot-moon-mountain-night-quilt-set-machine-washable","https://jeminise.com/collections/all/products/personalized-bigfoot-moon-mountain-night-quilt-set-machine-washable","","Personalized Bigfoot Moon Mountain Night Quilt Set, Machine Washable","Jeminise","Quilt Sets","amazon-import, amazon-parent-b0fgjqf58t, Bigfoot, Camping Gift, Fantasy Blankets, Nature Lovers, Personalized Blanket, Quilt, Quilt Set","2026-08-12T15:59:16-05:00","2026-08-12T15:56:38-05:00","2026-09-06T11:40:41-05:00","15","7","https://cdn.shopify.com/s/files/1/0792/5098/1063/files/d0cd561bec114fc132f332c20322c98698412c014b8679614b4e9b31f3f95edf.jpg?v=1786568200","51.90","115.85","TRUE","collections/all/products.json","DISCOVERED","DISCOVERED","","2026-09-06T23:41:32.4166246+07:00"
"241","jeminise.com","jeminise.com+personalized-bigfoot-peace-sign-mountain-landscape-quilt-sets","8859718844615","","personalized-bigfoot-peace-sign-mountain-landscape-quilt-sets","https://jeminise.com/products/personalized-bigfoot-peace-sign-mountain-landscape-quilt-sets","https://jeminise.com/collections/all/products/personalized-bigfoot-peace-sign-mountain-landscape-quilt-sets","","Personalized Bigfoot Peace Sign Mountain Landscape Quilt Sets","Jeminise","Quilt Sets","amazon-import, amazon-parent-b0fgjqf58t, Bigfoot Quilt, Custom Blanket, Fantasy Blankets, Nature Lovers Gift, Personalized Blanket, Quilt Set","2026-08-12T15:59:18-05:00","2026-08-12T15:57:02-05:00","2026-09-06T11:40:41-05:00","15","7","https://cdn.shopify.com/s/files/1/0792/5098/1063/files/01ec00763f5a99e708615dac305125b3a891a02a07b80429bca0b76e220a6856.jpg?v=1786568225","51.90","115.85","TRUE","collections/all/products.json","DISCOVERED","DISCOVERED","","2026-09-06T23:41:32.4166246+07:00"
"242","jeminise.com","jeminise.com+personalized-bigfoot-peace-sign-sunset-quilt-sets-machine-washable","8859718189255","","personalized-bigfoot-peace-sign-sunset-quilt-sets-machine-washable","https://jeminise.com/products/personalized-bigfoot-peace-sign-sunset-quilt-sets-machine-washable","https://jeminise.com/collections/all/products/personalized-bigfoot-peace-sign-sunset-quilt-sets-machine-washable","","Personalized Bigfoot Peace Sign Sunset Quilt Sets, Machine Washable","Jeminise","Quilt Sets","amazon-import, amazon-parent-b0fgjqf58t, Best Friend Gift, Custom Blanket, Dad Gift, Family Blanket, Fantasy Blankets, Mom Gift, Personalized Blanket, Quilt Set","2026-08-12T15:59:15-05:00","2026-08-12T15:56:31-05:00","2026-09-06T11:40:41-05:00","15","7","https://cdn.shopify.com/s/files/1/0792/5098/1063/files/a0c1782882dbd04a27b856eebe40626fb70dcafa8ea236652cd0dd31093dede2.jpg?v=1786568193","51.90","115.85","TRUE","collections/all/products.json","DISCOVERED","DISCOVERED","","2026-09-06T23:41:32.4166246+07:00"
"243","jeminise.com","jeminise.com+personalized-bigfoot-silhouette-forest-night-scene-quilt-set-bigfoot","8859717533895","","personalized-bigfoot-silhouette-forest-night-scene-quilt-set-bigfoot","https://jeminise.com/products/personalized-bigfoot-silhouette-forest-night-scene-quilt-set-bigfoot","https://jeminise.com/collections/all/products/personalized-bigfoot-silhouette-forest-night-scene-quilt-set-bigfoot","","Personalized Bigfoot Silhouette Forest Night Scene Quilt Set - Bigfoot","Jeminise","Quilt Sets","All-Season Quilt, amazon-import, amazon-parent-b0fgjqf58t, Bigfoot Quilt, Cozy Bedding, Fantasy Blankets, Outdoor Enthusiast Gift, Quilt Set, Unique Design","2026-08-12T15:59:13-05:00","2026-08-12T15:56:04-05:00","2026-09-06T11:40:41-05:00","15","7","https://cdn.shopify.com/s/files/1/0792/5098/1063/files/7b9868d6a6251272ba9810b2b5bac69f751a8a518c7b4a166895044327f7584e.jpg?v=1786568166","51.90","115.85","TRUE","collections/all/products.json","DISCOVERED","DISCOVERED","","2026-09-06T23:41:32.4166246+07:00"
"244","jeminise.com","jeminise.com+personalized-bigfoot-snowy-mountain-forest-quilt-set-mach-design-15","8859718648007","","personalized-bigfoot-snowy-mountain-forest-quilt-set-mach-design-15","https://jeminise.com/products/personalized-bigfoot-snowy-mountain-forest-quilt-set-mach-design-15","https://jeminise.com/collections/all/products/personalized-bigfoot-snowy-mountain-forest-quilt-set-mach-design-15","","Personalized Bigfoot Snowy Mountain Forest Quilt Set, Mach - Design 15","Jeminise","Quilt Sets","amazon-import, amazon-parent-b0fgjqf58t, Custom Blanket, Fantasy Blankets, Personalized Blanket, Quilt Set, Thoughtful Gift","2026-08-12T15:59:17-05:00","2026-08-12T15:56:55-05:00","2026-09-06T11:40:41-05:00","15","7","https://cdn.shopify.com/s/files/1/0792/5098/1063/files/6a4feb5636202fe400485172ad13a18f381bc744a9d13ce2d085815bc03e4c66.jpg?v=1786568217","51.90","115.85","TRUE","collections/all/products.json","DISCOVERED","DISCOVERED","","2026-09-06T23:41:32.4166246+07:00"
"245","jeminise.com","jeminise.com+personalized-bigfoot-sunset-forest-silhouette-quilt-sets-bigfoot-07","8859719106759","","personalized-bigfoot-sunset-forest-silhouette-quilt-sets-bigfoot-07","https://jeminise.com/products/personalized-bigfoot-sunset-forest-silhouette-quilt-sets-bigfoot-07","https://jeminise.com/collections/all/products/personalized-bigfoot-sunset-forest-silhouette-quilt-sets-bigfoot-07","","Personalized Bigfoot Sunset Forest Silhouette Quilt Sets - Bigfoot 07","Jeminise","Quilt Sets","amazon-import, amazon-parent-b0fgjqf58t, Camping, Custom Blanket, Fantasy Blankets, Nature Enthusiasts, Outdoor Adventures, Personalized Blanket, Quilt Set","2026-08-12T15:59:19-05:00","2026-08-12T15:57:11-05:00","2026-09-06T11:40:41-05:00","15","7","https://cdn.shopify.com/s/files/1/0792/5098/1063/files/42971771251f8f6bcdf000ff2795b4f83df19567602162c55e5a855ed415d2af.jpg?v=1786568233","51.90","115.85","TRUE","collections/all/products.json","DISCOVERED","DISCOVERED","","2026-09-06T23:41:32.4166246+07:00"
"246","jeminise.com","jeminise.com+personalized-bigfoot-with-red-sunglasses-quilt-sets-machine-washable","8859719467207","","personalized-bigfoot-with-red-sunglasses-quilt-sets-machine-washable","https://jeminise.com/products/personalized-bigfoot-with-red-sunglasses-quilt-sets-machine-washable","https://jeminise.com/collections/all/products/personalized-bigfoot-with-red-sunglasses-quilt-sets-machine-washable","","Personalized Bigfoot with Red Sunglasses Quilt Sets, Machine Washable","Jeminise","Quilt Sets","amazon-import, amazon-parent-b0fgjqf58t, Bigfoot Gift, Bigfoot Quilt, Couple Blanket, Custom Blanket, Family Blanket, Fantasy Blankets, Personalized Blanket, Quilt Set","2026-08-12T15:59:20-05:00","2026-08-12T15:57:28-05:00","2026-09-06T11:40:41-05:00","15","7","https://cdn.shopify.com/s/files/1/0792/5098/1063/files/33951dc1ab65c2d57bbe99383bf7164771c5a3f97bbb1c2b82c0538e831f529a.jpg?v=1786568250","51.90","115.85","TRUE","collections/all/products.json","DISCOVERED","DISCOVERED","","2026-09-06T23:41:32.4166246+07:00"
"247","jeminise.com","jeminise.com+personalized-black-hair-reading-girl-with-bookshelf-throw-blanket","8860456353991","","personalized-black-hair-reading-girl-with-bookshelf-throw-blanket","https://jeminise.com/products/personalized-black-hair-reading-girl-with-bookshelf-throw-blanket","https://jeminise.com/collections/all/products/personalized-black-hair-reading-girl-with-bookshelf-throw-blanket","","Personalized Black Hair Reading Girl with Bookshelf Throw Blanket","Jeminise","Blanket","amazon-import, amazon-parent-b0dj32wq8x, Blanket, Book Lover Blankets, Custom Blanket, Daughter Blanket, Daughter Gift, Personalized Blanket","2026-08-13T03:03:47-05:00","2026-08-13T02:48:58-05:00","2026-09-06T11:40:41-05:00","32","7","https://cdn.shopify.com/s/files/1/0792/5098/1063/files/7b30381c9b44c20db8bb3161bca77401a1d4113c7eafa2535a038f2ad8b4c02b.jpg?v=1786607340","24.90","99.85","TRUE","collections/all/products.json","DISCOVERED","DISCOVERED","","2026-09-06T23:41:32.4166246+07:00"
"248","jeminise.com","jeminise.com+personalized-blonde-girl-reading-amidst-bookshelves-blanket-book","8860456419527","","personalized-blonde-girl-reading-amidst-bookshelves-blanket-book","https://jeminise.com/products/personalized-blonde-girl-reading-amidst-bookshelves-blanket-book","https://jeminise.com/collections/all/products/personalized-blonde-girl-reading-amidst-bookshelves-blanket-book","","Personalized Blonde Girl Reading Amidst Bookshelves Blanket - Book","Jeminise","Blanket","amazon-import, amazon-parent-b0dj32wq8x, Birthday Gift, Blanket, Book Lover Blankets, Book Lover Gift, Christmas Gift, Custom Blanket, Personalized Blanket","2026-08-13T03:03:47-05:00","2026-08-13T02:49:03-05:00","2026-09-06T11:40:41-05:00","8","9","https://cdn.shopify.com/s/files/1/0792/5098/1063/files/126aa05432d1d34b1f8c8f8a5724486cfb7fb5e928aa0c408662b291c240c0e4.jpg?v=1786607345","24.90","69.90","TRUE","collections/all/products.json","DISCOVERED","DISCOVERED","","2026-09-06T23:41:32.4166246+07:00"
"249","jeminise.com","jeminise.com+personalized-books-in-bun-girl-reading-on-antique-books-throw-blanket","8860456517831","","personalized-books-in-bun-girl-reading-on-antique-books-throw-blanket","https://jeminise.com/products/personalized-books-in-bun-girl-reading-on-antique-books-throw-blanket","https://jeminise.com/collections/all/products/personalized-books-in-bun-girl-reading-on-antique-books-throw-blanket","","Personalized Books in Bun Girl Reading on Antique Books Throw Blanket","Jeminise","Blanket","amazon-import, amazon-parent-b0dj32wq8x, Blanket, Book Lover, Book Lover Blankets, Book Lover Gift, Christmas Blankets, Custom Blanket, Personalized Blanket","2026-08-13T03:03:48-05:00","2026-08-13T02:49:20-05:00","2026-09-06T11:40:41-05:00","32","7","https://cdn.shopify.com/s/files/1/0792/5098/1063/files/c6606e2095c0bd908f43dc0626faa8d1edb5cd63dcc95f6fea68be41adb722c5.jpg?v=1786607362","24.90","94.85","TRUE","collections/all/products.json","DISCOVERED","DISCOVERED","","2026-09-06T23:41:32.4166246+07:00"
"250","jeminise.com","jeminise.com+personalized-brown-hair-girl-reading-with-wildflowers-throw-blanket","8860456452295","","personalized-brown-hair-girl-reading-with-wildflowers-throw-blanket","https://jeminise.com/products/personalized-brown-hair-girl-reading-with-wildflowers-throw-blanket","https://jeminise.com/collections/all/products/personalized-brown-hair-girl-reading-with-wildflowers-throw-blanket","","Personalized Brown Hair Girl Reading with Wildflowers Throw Blanket","Jeminise","Blanket","amazon-import, amazon-parent-b0dj32wq8x, Blanket, Book Lover Blankets, Book Lover Gift, Custom Blanket, Personalized Blanket, Thoughtful Gift, Unique Gift","2026-08-13T03:03:48-05:00","2026-08-13T02:49:04-05:00","2026-09-06T11:40:41-05:00","32","7","https://cdn.shopify.com/s/files/1/0792/5098/1063/files/c0871a9043b46f99640b9ee570d2a1769d75d6933ad2863e4d9b06cbd6805f2e.jpg?v=1786607346","24.90","99.85","TRUE","collections/all/products.json","DISCOVERED","DISCOVERED","","2026-09-06T23:41:32.4166246+07:00"
"251","jeminise.com","jeminise.com+personalized-butterfly-wings-christian-scripture-throw-blanket","8859758887111","","personalized-butterfly-wings-christian-scripture-throw-blanket","https://jeminise.com/products/personalized-butterfly-wings-christian-scripture-throw-blanket","https://jeminise.com/collections/all/products/personalized-butterfly-wings-christian-scripture-throw-blanket","","Personalized Butterfly Wings Christian Scripture Throw Blanket","Jeminise","Blanket","amazon-import, amazon-parent-b0dj2zng8s, Blanket, Christian & Baptism Blankets, Christian Gift, Custom Blanket, Faith Blanket, Personalized Blanket, Women Gift","2026-08-12T16:49:13-05:00","2026-08-12T16:41:14-05:00","2026-09-06T11:41:31-05:00","16","7","https://cdn.shopify.com/s/files/1/0792/5098/1063/files/9f8de80e8c9471681fc32caab869afebbb39f4126f74171687a878e63e48808c.jpg?v=1786570877","24.90","89.85","TRUE","collections/all/products.json","DISCOVERED","DISCOVERED","","2026-09-06T23:41:32.4166246+07:00"
"252","jeminise.com","jeminise.com+personalized-cartoon-girl-reading-in-front-of-book-tree-throw-blanket","8860456583367","","personalized-cartoon-girl-reading-in-front-of-book-tree-throw-blanket","https://jeminise.com/products/personalized-cartoon-girl-reading-in-front-of-book-tree-throw-blanket","https://jeminise.com/collections/all/products/personalized-cartoon-girl-reading-in-front-of-book-tree-throw-blanket","","Personalized Cartoon Girl Reading in Front of Book Tree Throw Blanket","Jeminise","Blanket","amazon-import, amazon-parent-b0dj32wq8x, Blanket, Book Lover Blankets, Book Lover Gift, Custom Blanket, Personalized Blanket, Thoughtful Gift","2026-08-13T03:03:49-05:00","2026-08-13T02:49:31-05:00","2026-09-06T11:41:31-05:00","32","7","https://cdn.shopify.com/s/files/1/0792/5098/1063/files/1963befad0b675b2333e60603b720219b63ed580e2ca2874867973a2abed1422.jpg?v=1786607373","24.90","94.85","TRUE","collections/all/products.json","DISCOVERED","DISCOVERED","","2026-09-06T23:41:32.4166246+07:00"
"253","jeminise.com","jeminise.com+personalized-celtic-tree-of-life-quilt-quilt-sets-tree-of-life-in","8859736408263","","personalized-celtic-tree-of-life-quilt-quilt-sets-tree-of-life-in","https://jeminise.com/products/personalized-celtic-tree-of-life-quilt-quilt-sets-tree-of-life-in","https://jeminise.com/collections/all/products/personalized-celtic-tree-of-life-quilt-quilt-sets-tree-of-life-in","","Personalized Celtic Tree of Life Quilt Quilt Sets - Tree of Life in","Jeminise","Quilt Sets","amazon-import, amazon-parent-b0dnq35hcn, Custom Blanket, Personalized Blanket, Quilt Set, Thoughtful Gift, Tree of Life Quilt","2026-08-12T16:24:42-05:00","2026-08-12T16:18:32-05:00","2026-09-06T11:41:31-05:00","20","7","https://cdn.shopify.com/s/files/1/0792/5098/1063/files/e6c5ba4da43966ce1d86c0015ad025316833c1c5f1d1735bb2d75a7e48c866d9.jpg?v=1786569514","56.90","126.90","TRUE","collections/all/products.json","DISCOVERED","DISCOVERED","","2026-09-06T23:41:32.4166246+07:00"
"254","jeminise.com","jeminise.com+personalized-celtic-tree-of-life-yggdrasil-quilt-sets-celtic-design","8859737686215","","personalized-celtic-tree-of-life-yggdrasil-quilt-sets-celtic-design","https://jeminise.com/products/personalized-celtic-tree-of-life-yggdrasil-quilt-sets-celtic-design","https://jeminise.com/collections/all/products/personalized-celtic-tree-of-life-yggdrasil-quilt-sets-celtic-design","","Personalized Celtic Tree of Life Yggdrasil Quilt Sets - Celtic Design","Jeminise","Quilt Sets","amazon-import, amazon-parent-b0dnq35hcn, Christmas Day, Dad Gift, Family Blanket, Mom Gift, Personalized Blanket, Quilt Set, Tree of Life Quilt","2026-08-12T16:24:45-05:00","2026-08-12T16:20:44-05:00","2026-09-06T11:41:31-05:00","20","7","https://cdn.shopify.com/s/files/1/0792/5098/1063/files/497761090bed4d267ed2fadfd4eb1220f73c21a06f1f0d3f834c4609c188619c.jpg?v=1786569647","56.90","126.90","TRUE","collections/all/products.json","DISCOVERED","DISCOVERED","","2026-09-06T23:41:32.4166246+07:00"
"255","jeminise.com","jeminise.com+personalized-celtic-tree-of-life-yggdrasil-quilt-sets-yggdrasil","8859738407111","","personalized-celtic-tree-of-life-yggdrasil-quilt-sets-yggdrasil","https://jeminise.com/products/personalized-celtic-tree-of-life-yggdrasil-quilt-sets-yggdrasil","https://jeminise.com/collections/all/products/personalized-celtic-tree-of-life-yggdrasil-quilt-sets-yggdrasil","","Personalized Celtic Tree of Life Yggdrasil Quilt Sets - Yggdrasil","Jeminise","Quilt Sets","amazon-import, amazon-parent-b0dnq35hcn, Christmas Day, Dad Gift, Family Blanket, Mom Gift, Personalized Blanket, Quilt Set, Tree of Life Quilt","2026-08-12T16:24:47-05:00","2026-08-12T16:21:51-05:00","2026-09-06T11:41:31-05:00","20","7","https://cdn.shopify.com/s/files/1/0792/5098/1063/files/55b2b53d213162f298bdd8a2415841a42743f52fb426deedc12df04cd238b134.jpg?v=1786569713","56.90","126.90","TRUE","collections/all/products.json","DISCOVERED","DISCOVERED","","2026-09-06T23:41:32.4166246+07:00"
"256","jeminise.com","jeminise.com+personalized-celtic-tree-of-life-yggdrasil-quilt-sets-bedroom-decor","8859736998087","","personalized-celtic-tree-of-life-yggdrasil-quilt-sets-bedroom-decor","https://jeminise.com/products/personalized-celtic-tree-of-life-yggdrasil-quilt-sets-bedroom-decor","https://jeminise.com/collections/all/products/personalized-celtic-tree-of-life-yggdrasil-quilt-sets-bedroom-decor","","Personalized Celtic Tree of Life Yggdrasil Quilt Sets, Bedroom Decor","Jeminise","Quilt Sets","amazon-import, amazon-parent-b0dnq35hcn, Christmas Day, Dad Gift, Family Blanket, Mom Gift, Personalized Blanket, Quilt Set, Tree of Life Quilt","2026-08-12T16:24:44-05:00","2026-08-12T16:19:02-05:00","2026-09-06T11:41:31-05:00","20","7","https://cdn.shopify.com/s/files/1/0792/5098/1063/files/204bb2415f5fec200fbeed3c43e4a86c2abda3d65a687d775c221790e8003102.jpg?v=1786569545","56.90","126.90","TRUE","collections/all/products.json","DISCOVERED","DISCOVERED","","2026-09-06T23:41:32.4166246+07:00"
"257","jeminise.com","jeminise.com+personalized-celtic-yggdrasil-tree-of-life-quilt-sets-bedroom-decor","8859738505415","","personalized-celtic-yggdrasil-tree-of-life-quilt-sets-bedroom-decor","https://jeminise.com/products/personalized-celtic-yggdrasil-tree-of-life-quilt-sets-bedroom-decor","https://jeminise.com/collections/all/products/personalized-celtic-yggdrasil-tree-of-life-quilt-sets-bedroom-decor","","Personalized Celtic Yggdrasil Tree of Life Quilt Sets, Bedroom Decor","Jeminise","Quilt Sets","amazon-import, amazon-parent-b0dnq35hcn, Daughter Gift, Family Blanket, Mom Gift, Personalized Blanket, Quilt Set, Son Gift, Tree of Life Quilt","2026-08-12T16:24:47-05:00","2026-08-12T16:22:07-05:00","2026-09-06T11:41:31-05:00","20","7","https://cdn.shopify.com/s/files/1/0792/5098/1063/files/2ae90414a3646974782a6a46d56123315465abf3a7c5d01f7fe06c713a016574.jpg?v=1786569730","56.90","126.90","TRUE","collections/all/products.json","DISCOVERED","DISCOVERED","","2026-09-06T23:41:32.4166246+07:00"
"258","jeminise.com","jeminise.com+personalized-christian-affirmation-butterflies-th-christian-blankets","8859759575239","","personalized-christian-affirmation-butterflies-th-christian-blankets","https://jeminise.com/products/personalized-christian-affirmation-butterflies-th-christian-blankets","https://jeminise.com/collections/all/products/personalized-christian-affirmation-butterflies-th-christian-blankets","","Personalized Christian Affirmation Butterflies Th - Christian Blankets","Jeminise","Blanket","amazon-import, amazon-parent-b0dj2zng8s, Blanket, Christian & Baptism Blankets, Christian & Baptism Comforter, Custom Blanket, Personalized Blanket","2026-08-12T16:49:15-05:00","2026-08-12T16:41:48-05:00","2026-09-06T11:41:31-05:00","16","6","https://cdn.shopify.com/s/files/1/0792/5098/1063/files/0a3c442cbd07794753f64a4def0823c17d97496ab7c682b503d5a01bd4000aee.jpg?v=1786570910","24.90","89.85","TRUE","collections/all/products.json","DISCOVERED","DISCOVERED","","2026-09-06T23:41:32.4166246+07:00"
"259","jeminise.com","jeminise.com+personalized-christian-affirmation-woman-butterflies-throw-blanket","8859757183175","","personalized-christian-affirmation-woman-butterflies-throw-blanket","https://jeminise.com/products/personalized-christian-affirmation-woman-butterflies-throw-blanket","https://jeminise.com/collections/all/products/personalized-christian-affirmation-woman-butterflies-throw-blanket","","Personalized Christian Affirmation Woman Butterflies Throw Blanket","Jeminise","Blanket","All Seasons, amazon-import, amazon-parent-b0dj2zng8s, Blanket, Christian & Baptism Blankets, Christian Gift, Custom Blanket, Inspirational Gift, Personalized Blanket","2026-08-12T16:49:10-05:00","2026-08-12T16:40:21-05:00","2026-09-06T11:41:31-05:00","16","5","https://cdn.shopify.com/s/files/1/0792/5098/1063/files/2fa0806cc5f8a410056378a9ac2893b8c09d886bd15b2aa3e1fa45e24e5f7d2d.jpg?v=1786570823","24.90","89.85","TRUE","collections/all/products.json","DISCOVERED","DISCOVERED","","2026-09-06T23:41:32.4166246+07:00"
"260","jeminise.com","jeminise.com+personalized-christian-lavender-butterfly-blanket-lightweight","8859761311943","","personalized-christian-lavender-butterfly-blanket-lightweight","https://jeminise.com/products/personalized-christian-lavender-butterfly-blanket-lightweight","https://jeminise.com/collections/all/products/personalized-christian-lavender-butterfly-blanket-lightweight","","Personalized Christian Lavender Butterfly Blanket, Lightweight","Jeminise","Blanket","amazon-import, amazon-parent-b0dj2zng8s, Blanket, Christian & Baptism Blankets, Christian & Baptism Comforter, Christian Gift, Custom Blanket, Inspirational Gift, Personalized Blanket","2026-08-12T16:49:18-05:00","2026-08-12T16:43:07-05:00","2026-09-06T11:41:31-05:00","16","6","https://cdn.shopify.com/s/files/1/0792/5098/1063/files/7bdba4db448cd7977ddef5e429b008902b2f1d29835f413eae5bf2bb6c673cf3.jpg?v=1786570990","24.90","89.85","TRUE","collections/all/products.json","DISCOVERED","DISCOVERED","","2026-09-06T23:41:32.4166246+07:00"
"261","jeminise.com","jeminise.com+personalized-christian-woman-affirmation-bible-verse-throw-blanket","8859760951495","","personalized-christian-woman-affirmation-bible-verse-throw-blanket","https://jeminise.com/products/personalized-christian-woman-affirmation-bible-verse-throw-blanket","https://jeminise.com/collections/all/products/personalized-christian-woman-affirmation-bible-verse-throw-blanket","","Personalized Christian Woman Affirmation Bible Verse Throw Blanket","Jeminise","Blanket","amazon-import, amazon-parent-b0dj2zng8s, Blanket, Christian & Baptism Blankets, Christian & Baptism Comforter, Christian Gift, Custom Blanket, Inspirational Gift, Personalized Blanket","2026-08-12T16:49:18-05:00","2026-08-12T16:42:47-05:00","2026-09-06T11:41:31-05:00","16","5","https://cdn.shopify.com/s/files/1/0792/5098/1063/files/78eb0f4c80eae9c25319c565771d2eed2e44b6284aa81c51bea764aae0e9ef22.jpg?v=1786570969","24.90","89.85","TRUE","collections/all/products.json","DISCOVERED","DISCOVERED","","2026-09-06T23:41:32.4166246+07:00"
"262","jeminise.com","jeminise.com+personalized-christian-woman-scripture-photo-throw-blanket-vintage","8859758166215","","personalized-christian-woman-scripture-photo-throw-blanket-vintage","https://jeminise.com/products/personalized-christian-woman-scripture-photo-throw-blanket-vintage","https://jeminise.com/collections/all/products/personalized-christian-woman-scripture-photo-throw-blanket-vintage","","Personalized Christian Woman Scripture Photo Throw Blanket - Vintage","Jeminise","Blanket","amazon-import, amazon-parent-b0dj2zng8s, Blanket, Christian & Baptism Blanket, Christian & Baptism Blankets, Christian & Baptism Comforter, Custom Blanket, Personalized Blanket, Thoughtful Gift","2026-08-12T16:49:11-05:00","2026-08-12T16:40:54-05:00","2026-09-06T11:41:31-05:00","16","7","https://cdn.shopify.com/s/files/1/0792/5098/1063/files/ddc976dfc6cc1cebce0cee070eeca1aba46129533cb7ca9c8af224e356630c0e.jpg?v=1786570856","24.90","89.85","TRUE","collections/all/products.json","DISCOVERED","DISCOVERED","","2026-09-06T23:41:32.4166246+07:00"
"263","jeminise.com","jeminise.com+personalized-colorful-celtic-tree-of-life-quilt-sets-machine-washable","8859736375495","","personalized-colorful-celtic-tree-of-life-quilt-sets-machine-washable","https://jeminise.com/products/personalized-colorful-celtic-tree-of-life-quilt-sets-machine-washable","https://jeminise.com/collections/all/products/personalized-colorful-celtic-tree-of-life-quilt-sets-machine-washable","","Personalized Colorful Celtic Tree of Life Quilt Sets, Machine Washable","Jeminise","Quilt Sets","amazon-import, amazon-parent-b0dnq35hcn, Custom Blanket, Family Blanket, Gifts For Her, Gifts For Him, Personalized Blanket, Quilt Set, Thoughtful Gift, Tree of Life Quilt","2026-08-12T16:24:41-05:00","2026-08-12T16:18:26-05:00","2026-09-06T11:41:31-05:00","20","7","https://cdn.shopify.com/s/files/1/0792/5098/1063/files/311a50db4737ad1fc4ad9b65f90b6ae89aa2c17929109fbfe2f918ae45cdc6d2.jpg?v=1786569508","56.90","126.90","TRUE","collections/all/products.json","DISCOVERED","DISCOVERED","","2026-09-06T23:41:32.4166246+07:00"
"264","jeminise.com","jeminise.com+personalized-colorful-celtic-yggdrasil-tree-quilt-sets-vintage","8859738603719","","personalized-colorful-celtic-yggdrasil-tree-quilt-sets-vintage","https://jeminise.com/products/personalized-colorful-celtic-yggdrasil-tree-quilt-sets-vintage","https://jeminise.com/collections/all/products/personalized-colorful-celtic-yggdrasil-tree-quilt-sets-vintage","","Personalized Colorful Celtic Yggdrasil Tree Quilt Sets - Vintage","Jeminise","Quilt Sets","amazon-import, amazon-parent-b0dnq35hcn, Custom Blanket, Family Blanket, Meaningful Gift, Personalized Blanket, Quilt Set, Tree of Life Quilt, Versatile Use","2026-08-12T16:24:48-05:00","2026-08-12T16:22:15-05:00","2026-09-06T11:41:31-05:00","20","7","https://cdn.shopify.com/s/files/1/0792/5098/1063/files/513c1decc2c09e6969dd783ab644c7080420d84841bd381cde7e6d7a4ba272a2.jpg?v=1786569737","56.90","126.90","TRUE","collections/all/products.json","DISCOVERED","DISCOVERED","","2026-09-06T23:41:32.4166246+07:00"
"265","jeminise.com","jeminise.com+personalized-colorful-desert-rv-sunset-scene-quilt-sets-style-9","8859695907015","","personalized-colorful-desert-rv-sunset-scene-quilt-sets-style-9","https://jeminise.com/products/personalized-colorful-desert-rv-sunset-scene-quilt-sets-style-9","https://jeminise.com/collections/all/products/personalized-colorful-desert-rv-sunset-scene-quilt-sets-style-9","","Personalized Colorful Desert RV Sunset Scene Quilt Sets - Style #9","Jeminise","Quilt Sets","amazon-import, amazon-parent-b0fj1r1bh2, Christmas Quilt, Couples & Family Blankets, Custom Blanket, Mom Gift, Personalized Blanket, Quilt Set","2026-08-12T15:45:31-05:00","2026-08-12T15:38:32-05:00","2026-09-06T11:41:31-05:00","20","7","https://cdn.shopify.com/s/files/1/0792/5098/1063/files/f91eb91648f8e606dac4f7807559febc8fb2491d8e8f263330960002adfbd567.jpg?v=1786567114","56.90","126.90","TRUE","collections/all/products.json","DISCOVERED","DISCOVERED","","2026-09-06T23:41:32.4166246+07:00"
"266","jeminise.com","jeminise.com+personalized-colorful-tree-of-life-quilts-yggdrasil-quilt-king","8859735326919","","personalized-colorful-tree-of-life-quilts-yggdrasil-quilt-king","https://jeminise.com/products/personalized-colorful-tree-of-life-quilts-yggdrasil-quilt-king","https://jeminise.com/collections/all/products/personalized-colorful-tree-of-life-quilts-yggdrasil-quilt-king","","Personalized Colorful Tree of Life Quilts, Yggdrasil Quilt King","Jeminise","Quilt Sets","amazon-import, amazon-parent-b0dnq35hcn, Custom Blanket, Family Blanket, Housewarming Gift, Personalized Blanket, Quilt Set, Tree of Life Quilt, Wedding Gift","2026-08-12T16:24:38-05:00","2026-08-12T16:16:20-05:00","2026-09-06T11:41:31-05:00","20","7","https://cdn.shopify.com/s/files/1/0792/5098/1063/files/24c5d8725b68ffa3b8751fe57fbdd4f45da6091f072c621dcd74ee30bba9b282.jpg?v=1786569382","56.90","126.90","TRUE","collections/all/products.json","DISCOVERED","DISCOVERED","","2026-09-06T23:41:32.4166246+07:00"
"267","jeminise.com","jeminise.com+personalized-colorful-yggdrasil-tree-of-life-quilt-sets-yggdrasil","8859736342727","","personalized-colorful-yggdrasil-tree-of-life-quilt-sets-yggdrasil","https://jeminise.com/products/personalized-colorful-yggdrasil-tree-of-life-quilt-sets-yggdrasil","https://jeminise.com/collections/all/products/personalized-colorful-yggdrasil-tree-of-life-quilt-sets-yggdrasil","","Personalized Colorful Yggdrasil Tree of Life Quilt Sets - Yggdrasil","Jeminise","Quilt Sets","amazon-import, amazon-parent-b0dnq35hcn, Christmas Day, Couple Blanket, Dad Gift, Family Blanket, Mom Gift, Personalized Blanket, Quilt Set, Tree of Life Quilt","2026-08-12T16:24:40-05:00","2026-08-12T16:18:22-05:00","2026-09-06T11:41:31-05:00","20","7","https://cdn.shopify.com/s/files/1/0792/5098/1063/files/acda833dd6ef6078e6a17fb248e654bb73970df8bac84e0d62edc49aef7e0bc0.jpg?v=1786569504","56.90","126.90","TRUE","collections/all/products.json","DISCOVERED","DISCOVERED","","2026-09-06T23:41:32.4166246+07:00"
"268","jeminise.com","jeminise.com+personalized-couple-hugging-close-up-portrait-quilt-with-photo-7a4978e57a-7a4978e57a","8834785673415","","personalized-couple-hugging-close-up-portrait-quilt-with-photo-7a4978e57a-7a4978e57a","https://jeminise.com/products/personalized-couple-hugging-close-up-portrait-quilt-with-photo-7a4978e57a-7a4978e57a","https://jeminise.com/collections/all/products/personalized-couple-hugging-close-up-portrait-quilt-with-photo-7a4978e57a-7a4978e57a","","Personalized Couple Hugging Close Up Portrait Quilt with Photo","Jeminise","Quilt","amazon-import, amazon-parent-b0djy5ywty, Couple Blanket, Couples & Family Blankets, Custom Blanket, Family Blanket, Personalized Blanket, Quilt Set","2026-07-26T17:08:41-05:00","2026-07-26T17:00:52-05:00","2026-09-06T11:41:31-05:00","15","7","https://cdn.shopify.com/s/files/1/0792/5098/1063/files/01c46ab34e2ccd77a07fff1c21c762548f50f3f4aa7a0745f384178a38329ee2.jpg?v=1785103254","51.90","111.90","TRUE","collections/all/products.json","DISCOVERED","DISCOVERED","","2026-09-06T23:41:32.4166246+07:00"
"269","jeminise.com","jeminise.com+personalized-cozy-room-sophia-bookworm-reading-girl-blanket-book","8860456321223","","personalized-cozy-room-sophia-bookworm-reading-girl-blanket-book","https://jeminise.com/products/personalized-cozy-room-sophia-bookworm-reading-girl-blanket-book","https://jeminise.com/collections/all/products/personalized-cozy-room-sophia-bookworm-reading-girl-blanket-book","","Personalized Cozy Room Sophia Bookworm Reading Girl Blanket - Book","Jeminise","Blanket","amazon-import, amazon-parent-b0dj32wq8x, Blanket, Book Lover Blankets, Book Lover Gift, Custom Blanket, Personalized Blanket","2026-08-13T03:03:46-05:00","2026-08-13T02:48:52-05:00","2026-09-06T11:41:31-05:00","8","9","https://cdn.shopify.com/s/files/1/0792/5098/1063/files/d017cb4c8a7376ee68e0471efb875b481102ce8e7d511894dc86bb73676c0e04.jpg?v=1786607334","24.90","69.90","TRUE","collections/all/products.json","DISCOVERED","DISCOVERED","","2026-09-06T23:41:32.4166246+07:00"
"270","jeminise.com","jeminise.com+personalized-dark-haired-girl-reading-book-throw-blanket-book-lover","8860456288455","","personalized-dark-haired-girl-reading-book-throw-blanket-book-lover","https://jeminise.com/products/personalized-dark-haired-girl-reading-book-throw-blanket-book-lover","https://jeminise.com/collections/all/products/personalized-dark-haired-girl-reading-book-throw-blanket-book-lover","","Personalized Dark Haired Girl Reading Book Throw Blanket - Book Lover","Jeminise","Blanket","amazon-import, amazon-parent-b0dj32wq8x, Blanket, Book Lover Blankets, Book Lover Gift, Custom Blanket, Personalized Blanket","2026-08-13T03:03:45-05:00","2026-08-13T02:48:49-05:00","2026-09-06T11:41:31-05:00","32","7","https://cdn.shopify.com/s/files/1/0792/5098/1063/files/a6a69a3a428f30c3df58819d8a948c64fa0caaadcadc9b3671598c7ff167942a.jpg?v=1786607331","24.90","99.85","TRUE","collections/all/products.json","DISCOVERED","DISCOVERED","","2026-09-06T23:41:32.4166246+07:00"
"271","jeminise.com","jeminise.com+personalized-deer-couple-inside-heart-frame-comforter-with-buck-272c047bd6-272c047bd6","8834818310343","","personalized-deer-couple-inside-heart-frame-comforter-with-buck-272c047bd6-272c047bd6","https://jeminise.com/products/personalized-deer-couple-inside-heart-frame-comforter-with-buck-272c047bd6-272c047bd6","https://jeminise.com/collections/all/products/personalized-deer-couple-inside-heart-frame-comforter-with-buck-272c047bd6-272c047bd6","","Personalized Deer Couple Inside Heart Frame Comforter with Buck","Jeminise","Quilt","amazon-import, amazon-parent-b0dq834hd8, Couple Blanket, Custom Blanket, Family Blanket, Personalized Blanket, Quilt Set, Wildlife Quilt","2026-07-26T23:29:33-05:00","2026-07-26T17:32:00-05:00","2026-09-06T11:41:31-05:00","15","8","https://cdn.shopify.com/s/files/1/0792/5098/1063/files/c25149c0de791de2ce91ca5ff94fff5e688fc51079ab9adc1d96eb8f8e8aaa52.jpg?v=1785105122","51.90","116.90","TRUE","collections/all/products.json","DISCOVERED","DISCOVERED","","2026-09-06T23:41:32.4166246+07:00"
"272","jeminise.com","jeminise.com+personalized-deer-silhouettes-facing-each-other-comforter-with-buck-080b2bfdf6-080b2bfdf6","8834823454919","","personalized-deer-silhouettes-facing-each-other-comforter-with-buck-080b2bfdf6-080b2bfdf6","https://jeminise.com/products/personalized-deer-silhouettes-facing-each-other-comforter-with-buck-080b2bfdf6-080b2bfdf6","https://jeminise.com/collections/all/products/personalized-deer-silhouettes-facing-each-other-comforter-with-buck-080b2bfdf6-080b2bfdf6","","Personalized Deer Silhouettes Facing Each Other Comforter with Buck","Jeminise","Quilt","amazon-import, amazon-parent-b0dq834hd8, Couple Blanket, Couples & Family Blankets, Custom Blanket, Personalized Blanket, Quilt Set, Wildlife Quilt","2026-07-26T23:29:35-05:00","2026-07-26T17:36:53-05:00","2026-09-06T11:41:31-05:00","15","8","https://cdn.shopify.com/s/files/1/0792/5098/1063/files/e14fdba9e1e4ddf39348b178158159e783bd2d8b91a8e40390b104cef16caeff.jpg?v=1785105416","51.90","116.90","TRUE","collections/all/products.json","DISCOVERED","DISCOVERED","","2026-09-06T23:41:32.4166246+07:00"
"273","jeminise.com","jeminise.com+personalized-deer-silhouettes-forming-heart-outline-comforter-4b181475d7-4b181475d7","8834821357767","","personalized-deer-silhouettes-forming-heart-outline-comforter-4b181475d7-4b181475d7","https://jeminise.com/products/personalized-deer-silhouettes-forming-heart-outline-comforter-4b181475d7-4b181475d7","https://jeminise.com/collections/all/products/personalized-deer-silhouettes-forming-heart-outline-comforter-4b181475d7-4b181475d7","","Personalized Deer Silhouettes Forming Heart Outline Comforter","Jeminise","Quilt","amazon-import, amazon-parent-b0dq834hd8, Couple Blanket, Custom Blanket, Personalized Blanket, Quilt Set, Wildlife Quilt","2026-07-26T23:29:35-05:00","2026-07-26T17:35:19-05:00","2026-09-06T11:41:31-05:00","15","8","https://cdn.shopify.com/s/files/1/0792/5098/1063/files/ef22cb98a1d1beea7b62e2b2792f85698e42b56ff5b30af6ac259969e1970bc7.jpg?v=1785105321","51.90","116.90","TRUE","collections/all/products.json","DISCOVERED","DISCOVERED","","2026-09-06T23:41:32.4166246+07:00"
"274","jeminise.com","jeminise.com+personalized-desert-cactus-sunset-quilt-set-machine-washable-style","8859692138695","","personalized-desert-cactus-sunset-quilt-set-machine-washable-style","https://jeminise.com/products/personalized-desert-cactus-sunset-quilt-set-machine-washable-style","https://jeminise.com/collections/all/products/personalized-desert-cactus-sunset-quilt-set-machine-washable-style","","Personalized Desert Cactus Sunset Quilt Set, Machine Washable - Style","Jeminise","Quilt Sets","amazon-import, amazon-parent-b0fj1r1bh2, Cactus, Easy Care, Floral Quilt, Home Decor, Personalized Quilt, Quilt Set, Thoughtful Gift","2026-08-12T15:45:26-05:00","2026-08-12T15:36:55-05:00","2026-09-06T11:41:31-05:00","20","7","https://cdn.shopify.com/s/files/1/0792/5098/1063/files/8b1b56b3ac5b42e1ab3a6356a93dc55dfb9cc4a1badf2300e7aaf8230e3e6870.jpg?v=1786567017","56.90","126.90","TRUE","collections/all/products.json","DISCOVERED","DISCOVERED","","2026-09-06T23:41:32.4166246+07:00"
"275","jeminise.com","jeminise.com+personalized-desert-sunset-cactus-floral-quilt-set-machine-washable","8859686469831","","personalized-desert-sunset-cactus-floral-quilt-set-machine-washable","https://jeminise.com/products/personalized-desert-sunset-cactus-floral-quilt-set-machine-washable","https://jeminise.com/collections/all/products/personalized-desert-sunset-cactus-floral-quilt-set-machine-washable","","Personalized Desert Sunset Cactus Floral Quilt Set","Jeminise","Quilt Sets","Cactus, Couples & Family Blankets, Custom Blanket, Floral Quilt, Personalized Blanket, Quilt Set, Thoughtful Gift","2026-08-12T15:45:23-05:00","2026-08-12T15:31:54-05:00","2026-09-06T11:41:31-05:00","20","7","https://cdn.shopify.com/s/files/1/0792/5098/1063/files/e8f7634ab1a1d0bf34ea7aab139b6f58f3ff90e5703105db0cab88a60efcdcc6.jpg?v=1786566716","56.90","126.90","TRUE","collections/all/products.json","DISCOVERED","DISCOVERED","","2026-09-06T23:41:32.4166246+07:00"
"276","jeminise.com","jeminise.com+personalized-floral-cross-christian-affirmation-blanket-lightweight","8859760722119","","personalized-floral-cross-christian-affirmation-blanket-lightweight","https://jeminise.com/products/personalized-floral-cross-christian-affirmation-blanket-lightweight","https://jeminise.com/collections/all/products/personalized-floral-cross-christian-affirmation-blanket-lightweight","","Personalized Floral Cross Christian Affirmation Blanket, Lightweight","Jeminise","Blanket","amazon-import, amazon-parent-b0dj2zng8s, Blanket, Christian & Baptism Blanket, Christian & Baptism Blankets, Christian & Baptism Comforter, Christian Blanket, Custom Blanket, Personalized Blanket","2026-08-12T16:49:17-05:00","2026-08-12T16:42:37-05:00","2026-09-06T11:41:31-05:00","16","5","https://cdn.shopify.com/s/files/1/0792/5098/1063/files/628249eb606d00371761b3392b0ba1d09d64bac85369f9a77857d89f08028a3f_60119e27-e977-4889-9b5f-a1a6fda40f51.jpg?v=1786570960","24.90","89.85","TRUE","collections/all/products.json","DISCOVERED","DISCOVERED","","2026-09-06T23:41:32.4166246+07:00"
"277","jeminise.com","jeminise.com+personalized-floral-cross-god-says-throw-blanket-lightweight-god","8859759149255","","personalized-floral-cross-god-says-throw-blanket-lightweight-god","https://jeminise.com/products/personalized-floral-cross-god-says-throw-blanket-lightweight-god","https://jeminise.com/collections/all/products/personalized-floral-cross-god-says-throw-blanket-lightweight-god","","Personalized Floral Cross God Says Throw Blanket, Lightweight - God","Jeminise","Blanket","amazon-import, amazon-parent-b0dj2zng8s, Blanket, Christian & Baptism Blankets, Christian & Baptism Comforter, Custom Blanket, Personalized Blanket, Thoughtful Gift","2026-08-12T16:49:13-05:00","2026-08-12T16:41:26-05:00","2026-09-06T11:41:31-05:00","16","8","https://cdn.shopify.com/s/files/1/0792/5098/1063/files/abd0079b85acf4ae28307bde4c17517bc45f5e2ac4847ac5bcbefc80f3941dc9.jpg?v=1786570888","22.90","87.85","TRUE","collections/all/products.json","DISCOVERED","DISCOVERED","","2026-09-06T23:41:32.4166246+07:00"
"278","jeminise.com","jeminise.com+personalized-floral-cross-personalized-text-blanket-lightweight","8859760230599","","personalized-floral-cross-personalized-text-blanket-lightweight","https://jeminise.com/products/personalized-floral-cross-personalized-text-blanket-lightweight","https://jeminise.com/collections/all/products/personalized-floral-cross-personalized-text-blanket-lightweight","","Personalized Floral Cross Personalized Text Blanket, Lightweight","Jeminise","Blanket","amazon-import, amazon-parent-b0dj2zng8s, Bible Verse Gift, Blanket, Christian & Baptism Blankets, Christian & Baptism Comforter, Christian Gift, Custom Blanket, Inspirational Gift, Personalized Blanket","2026-08-12T16:49:15-05:00","2026-08-12T16:42:18-05:00","2026-09-06T11:41:31-05:00","16","6","https://cdn.shopify.com/s/files/1/0792/5098/1063/files/628249eb606d00371761b3392b0ba1d09d64bac85369f9a77857d89f08028a3f.jpg?v=1786570941","24.90","89.85","TRUE","collections/all/products.json","DISCOVERED","DISCOVERED","","2026-09-06T23:41:32.4166246+07:00"
"279","jeminise.com","jeminise.com+personalized-floral-line-art-girl-reading-blanket-throw-book-lover","8860455895239","","personalized-floral-line-art-girl-reading-blanket-throw-book-lover","https://jeminise.com/products/personalized-floral-line-art-girl-reading-blanket-throw-book-lover","https://jeminise.com/collections/all/products/personalized-floral-line-art-girl-reading-blanket-throw-book-lover","","Personalized Floral Line-Art Girl Reading Blanket Throw - Book Lover","Jeminise","Blanket","amazon-import, amazon-parent-b0dj32wq8x, Blanket, Book Lover Blankets, Book Lover Gift, Custom Blanket, Jeminise Exclusive, Personalized Blanket, Reading Blanket","2026-08-13T03:03:42-05:00","2026-08-13T02:47:31-05:00","2026-09-06T11:41:31-05:00","32","6","https://cdn.shopify.com/s/files/1/0792/5098/1063/files/6e68281919332f3a098761dad93a95547c769613188ae60e84af4f17252b6164.jpg?v=1786607254","24.90","94.85","TRUE","collections/all/products.json","DISCOVERED","DISCOVERED","","2026-09-06T23:41:32.4166246+07:00"
"280","jeminise.com","jeminise.com+personalized-flowering-cactus-succulent-garden-quilt-set-design-5","8859696496839","","personalized-flowering-cactus-succulent-garden-quilt-set-design-5","https://jeminise.com/products/personalized-flowering-cactus-succulent-garden-quilt-set-design-5","https://jeminise.com/collections/all/products/personalized-flowering-cactus-succulent-garden-quilt-set-design-5","","Personalized Flowering Cactus & Succulent Garden Quilt Set - Design 5","Jeminise","Quilt Sets","amazon-import, amazon-parent-b0fj1r1bh2, Cactus, Easy Care, Floral Quilt, Home Decor, Quilt Set","2026-08-12T15:45:31-05:00","2026-08-12T15:39:04-05:00","2026-09-06T11:41:31-05:00","20","7","https://cdn.shopify.com/s/files/1/0792/5098/1063/files/379c1c6d032875b0f78643f1b38cf9afee16f21bda48c57274dde1a9c35b83f8.jpg?v=1786567146","56.90","126.90","TRUE","collections/all/products.json","DISCOVERED","DISCOVERED","","2026-09-06T23:41:32.4166246+07:00"
"281","jeminise.com","jeminise.com+personalized-flowering-cactus-succulent-garden-quilt-set-style-7","8859690631367","","personalized-flowering-cactus-succulent-garden-quilt-set-style-7","https://jeminise.com/products/personalized-flowering-cactus-succulent-garden-quilt-set-style-7","https://jeminise.com/collections/all/products/personalized-flowering-cactus-succulent-garden-quilt-set-style-7","","Personalized Flowering Cactus & Succulent Garden Quilt Set - Style #7","Jeminise","Quilt Sets","amazon-import, amazon-parent-b0fj1r1bh2, Custom Blanket, Floral Quilt, Personalized Blanket, Quilt Set, Thoughtful Gift","2026-08-12T15:45:24-05:00","2026-08-12T15:35:48-05:00","2026-09-06T11:41:31-05:00","20","7","https://cdn.shopify.com/s/files/1/0792/5098/1063/files/1f70fc037a17b577477c130373dab04c96bbb5092530c8274b5bcb88d727f1c5.jpg?v=1786566950","56.90","126.90","TRUE","collections/all/products.json","DISCOVERED","DISCOVERED","","2026-09-06T23:41:32.4166246+07:00"
"282","jeminise.com","jeminise.com+personalized-girl-glasses-reading-on-newspaper-pattern-throw-blanket","8860456157383","","personalized-girl-glasses-reading-on-newspaper-pattern-throw-blanket","https://jeminise.com/products/personalized-girl-glasses-reading-on-newspaper-pattern-throw-blanket","https://jeminise.com/collections/all/products/personalized-girl-glasses-reading-on-newspaper-pattern-throw-blanket","","Personalized Girl Glasses Reading on Newspaper Pattern Throw Blanket","Jeminise","Blanket","amazon-import, amazon-parent-b0dj32wq8x, Birthday Gift, Blanket, Book Lover, Book Lover Blankets, Book Lover Gift, Christmas Gift, Custom Blanket, Personalized Blanket","2026-08-13T03:03:44-05:00","2026-08-13T02:48:24-05:00","2026-09-06T11:41:31-05:00","8","9","https://cdn.shopify.com/s/files/1/0792/5098/1063/files/2f1e1db7245301c11b93122f6eb6342a93ef709e296572c579bb6efed054ff56.jpg?v=1786607307","24.90","74.90","TRUE","collections/all/products.json","DISCOVERED","DISCOVERED","","2026-09-06T23:41:32.4166246+07:00"
"283","jeminise.com","jeminise.com+personalized-girl-in-glasses-reading-book-throw-blanket-book-lover","8860456059079","","personalized-girl-in-glasses-reading-book-throw-blanket-book-lover","https://jeminise.com/products/personalized-girl-in-glasses-reading-book-throw-blanket-book-lover","https://jeminise.com/collections/all/products/personalized-girl-in-glasses-reading-book-throw-blanket-book-lover","","Personalized Girl in Glasses Reading Book Throw Blanket - Book Lover","Jeminise","Blanket","amazon-import, amazon-parent-b0dj32wq8x, Blanket, Book Lover Blankets, Book Lover Gift, Custom Blanket, Personalized Blanket, Thoughtful Gift","2026-08-13T03:03:43-05:00","2026-08-13T02:48:08-05:00","2026-09-06T11:41:31-05:00","32","7","https://cdn.shopify.com/s/files/1/0792/5098/1063/files/df64c754f0eddfa785f6ab62ce9d1d455a9d2cd7d075fe3a39516c073ca8f9b9.jpg?v=1786607290","24.90","94.85","TRUE","collections/all/products.json","DISCOVERED","DISCOVERED","","2026-09-06T23:41:32.4166246+07:00"
"284","jeminise.com","jeminise.com+personalized-girl-messy-bun-reading-book-and-holding-mug-throw-blanket","8860456550599","","personalized-girl-messy-bun-reading-book-and-holding-mug-throw-blanket","https://jeminise.com/products/personalized-girl-messy-bun-reading-book-and-holding-mug-throw-blanket","https://jeminise.com/collections/all/products/personalized-girl-messy-bun-reading-book-and-holding-mug-throw-blanket","","Personalized Girl Messy Bun Reading Book and Holding Mug Throw Blanket","Jeminise","Blanket","amazon-import, amazon-parent-b0dj32wq8x, Birthday Gift, Blanket, Book Lover Blankets, Book Lover Gift, Christmas Blankets, Custom Blanket, Personalized Blanket","2026-08-13T03:03:49-05:00","2026-08-13T02:49:27-05:00","2026-09-06T11:41:31-05:00","32","7","https://cdn.shopify.com/s/files/1/0792/5098/1063/files/7a3c49003c2230e294698766b4242437d1d423daec25922ec03160fd2185dbc8.jpg?v=1786607369","24.90","94.85","TRUE","collections/all/products.json","DISCOVERED","DISCOVERED","","2026-09-06T23:41:32.4166246+07:00"
"285","jeminise.com","jeminise.com+personalized-girl-reading-in-front-of-book-bookshelf-throw-design-8","8860455960775","","personalized-girl-reading-in-front-of-book-bookshelf-throw-design-8","https://jeminise.com/products/personalized-girl-reading-in-front-of-book-bookshelf-throw-design-8","https://jeminise.com/collections/all/products/personalized-girl-reading-in-front-of-book-bookshelf-throw-design-8","","Personalized Girl Reading in Front of Book Bookshelf Throw - Design 8","Jeminise","Blanket","amazon-import, amazon-parent-b0dj32wq8x, Birthday Gift, Blanket, Book Lover Blankets, Book Lover Gift, Christmas Gift, Custom Blanket, Daughter Gift, Personalized Blanket","2026-08-13T03:03:42-05:00","2026-08-13T02:47:43-05:00","2026-09-06T11:41:31-05:00","32","7","https://cdn.shopify.com/s/files/1/0792/5098/1063/files/d70086edc97b329e4d210322ca7e9f70f1c8347407075634a77e80aeba9c309c.jpg?v=1786607265","24.90","99.85","TRUE","collections/all/products.json","DISCOVERED","DISCOVERED","","2026-09-06T23:41:32.4166246+07:00"
"286","jeminise.com","jeminise.com+personalized-hunting-and-outdoor-comforter-with-deer-antlers-4e13e688e0-4e13e688e0","8834824896711","","personalized-hunting-and-outdoor-comforter-with-deer-antlers-4e13e688e0-4e13e688e0","https://jeminise.com/products/personalized-hunting-and-outdoor-comforter-with-deer-antlers-4e13e688e0-4e13e688e0","https://jeminise.com/collections/all/products/personalized-hunting-and-outdoor-comforter-with-deer-antlers-4e13e688e0-4e13e688e0","","Personalized Hunting and Outdoor Comforter with Deer Antlers","Jeminise","Quilt","amazon-import, amazon-parent-b0dq834hd8, Couple Blanket, Custom Blanket, Personalized Blanket, Quilt Set, Wildlife Quilt","2026-07-26T23:29:36-05:00","2026-07-26T17:38:09-05:00","2026-09-06T11:41:31-05:00","15","8","https://cdn.shopify.com/s/files/1/0792/5098/1063/files/6c7ef349a0b6626613d0259952d02b52c6e9537498da1ec89e4109732466e610.jpg?v=1785105491","51.90","116.90","TRUE","collections/all/products.json","DISCOVERED","DISCOVERED","","2026-09-06T23:41:32.4166246+07:00"
"287","jeminise.com","jeminise.com+personalized-just-a-girl-who-loves-books-blanket-custom-name-book","8860456714439","","personalized-just-a-girl-who-loves-books-blanket-custom-name-book","https://jeminise.com/products/personalized-just-a-girl-who-loves-books-blanket-custom-name-book","https://jeminise.com/collections/all/products/personalized-just-a-girl-who-loves-books-blanket-custom-name-book","","Personalized Just A Girl Who Loves Books Blanket - Custom Name Book","Jeminise","Blanket","amazon-import, amazon-parent-b0dj32wq8x, Blanket, Book Lover Blankets, Book Lover Gift, Custom Blanket, Personalized Blanket","2026-08-13T03:03:51-05:00","2026-08-13T02:49:56-05:00","2026-09-06T11:41:31-05:00","16","9","https://cdn.shopify.com/s/files/1/0792/5098/1063/files/52f0bc8a65cc2a179404f8f908149a3d2f9be217973d39ecef86b4dcc5f7c203.jpg?v=1786607398","24.90","94.85","TRUE","collections/all/products.json","DISCOVERED","DISCOVERED","","2026-09-06T23:41:32.4166246+07:00"
"288","jeminise.com","jeminise.com+personalized-love-and-relationships-quilt-with-photo-and-heart-644d558a8f-644d558a8f","8834788524231","","personalized-love-and-relationships-quilt-with-photo-and-heart-644d558a8f-644d558a8f","https://jeminise.com/products/personalized-love-and-relationships-quilt-with-photo-and-heart-644d558a8f-644d558a8f","https://jeminise.com/collections/all/products/personalized-love-and-relationships-quilt-with-photo-and-heart-644d558a8f-644d558a8f","","Personalized Love and Relationships Quilt with Photo and Heart","Jeminise","Quilt","amazon-import, amazon-parent-b0djy5ywty, Couples & Family Blankets, Custom Blanket, Family Blanket, Family Gift, Personalized Blanket, Quilt Set","2026-07-26T17:08:43-05:00","2026-07-26T17:04:26-05:00","2026-09-06T11:41:31-05:00","15","7","https://cdn.shopify.com/s/files/1/0792/5098/1063/files/87ef94cb89cfc7f667fe98ebb30b6baa20e1aa98628de4b58a26b6a3078e617a.jpg?v=1785103468","51.90","111.90","TRUE","collections/all/products.json","DISCOVERED","DISCOVERED","","2026-09-06T23:41:32.4166246+07:00"
"289","jeminise.com","jeminise.com+personalized-morning-affirmations-floral-blanket-lightweight","8859758362823","","personalized-morning-affirmations-floral-blanket-lightweight","https://jeminise.com/products/personalized-morning-affirmations-floral-blanket-lightweight","https://jeminise.com/collections/all/products/personalized-morning-affirmations-floral-blanket-lightweight","","Personalized Morning Affirmations Floral Blanket, Lightweight","Jeminise","Blanket","amazon-import, amazon-parent-b0dj2zng8s, Blanket, Christian & Baptism Blankets, Christian & Baptism Comforter, Christian & Baptism Quilt, Custom Blanket, Personalized Blanket","2026-08-12T16:49:12-05:00","2026-08-12T16:41:04-05:00","2026-09-06T11:41:31-05:00","16","6","https://cdn.shopify.com/s/files/1/0792/5098/1063/files/24d8970a540d5788f2db3c3950e3f2409debf434a1c60ba149b4431e0e201a6d.jpg?v=1786570866","24.90","89.85","TRUE","collections/all/products.json","DISCOVERED","DISCOVERED","","2026-09-06T23:41:32.4166246+07:00"
"290","jeminise.com","jeminise.com+personalized-mosaic-tree-of-life-quilt-sets-machine-wa-mosaic-style","8859736867015","","personalized-mosaic-tree-of-life-quilt-sets-machine-wa-mosaic-style","https://jeminise.com/products/personalized-mosaic-tree-of-life-quilt-sets-machine-wa-mosaic-style","https://jeminise.com/collections/all/products/personalized-mosaic-tree-of-life-quilt-sets-machine-wa-mosaic-style","","Personalized Mosaic Tree of Life Quilt Sets, Machine Wa - Mosaic Style","Jeminise","Quilt Sets","amazon-import, amazon-parent-b0dnq35hcn, Custom Blanket, Personalized Blanket, Quilt Set, Thoughtful Gift, Tree of Life Quilt","2026-08-12T16:24:43-05:00","2026-08-12T16:18:57-05:00","2026-09-06T11:41:31-05:00","20","7","https://cdn.shopify.com/s/files/1/0792/5098/1063/files/68859db1848da7120f257825bc128c3a988c946d57377e53461facf67484a8d5.jpg?v=1786569539","56.90","126.90","TRUE","collections/all/products.json","DISCOVERED","DISCOVERED","","2026-09-06T23:41:32.4166246+07:00"
"291","jeminise.com","jeminise.com+personalized-reading-girl-on-book-with-flowers-blanket-book-lover","8860441968839","","personalized-reading-girl-on-book-with-flowers-blanket-book-lover","https://jeminise.com/products/personalized-reading-girl-on-book-with-flowers-blanket-book-lover","https://jeminise.com/collections/all/products/personalized-reading-girl-on-book-with-flowers-blanket-book-lover","","Personalized Reading Girl on Book with Flowers Blanket - Book Lover","Jeminise","Blanket","amazon-import, amazon-parent-b0dj32wq8x, Best Friend Blanket, Blanket, Book Lover Blankets, Book Lover Gift, Daughter Blanket, Personalized Blanket, Sister Blanket","2026-08-13T02:45:24-05:00","2026-08-13T02:41:40-05:00","2026-09-06T11:41:31-05:00","32","7","https://cdn.shopify.com/s/files/1/0792/5098/1063/files/aba2f181c610d7577b89677105bc7c8e87a0d4bf7f61ff535dfd6214ced85787.jpg?v=1786606902","24.90","99.85","TRUE","collections/all/products.json","DISCOVERED","DISCOVERED","","2026-09-06T23:41:32.4166246+07:00"
"292","jeminise.com","jeminise.com+personalized-reading-girl-on-heart-bookshelf-throw-blanket-book","8860456255687","","personalized-reading-girl-on-heart-bookshelf-throw-blanket-book","https://jeminise.com/products/personalized-reading-girl-on-heart-bookshelf-throw-blanket-book","https://jeminise.com/collections/all/products/personalized-reading-girl-on-heart-bookshelf-throw-blanket-book","","Personalized Reading Girl on Heart Bookshelf Throw Blanket - Book","Jeminise","Blanket","amazon-import, amazon-parent-b0dj32wq8x, Birthday Gift, Blanket, Book Lover, Book Lover Blankets, Book Lover Gift, Christmas Gift, Custom Blanket, Personalized Blanket","2026-08-13T03:03:45-05:00","2026-08-13T02:48:42-05:00","2026-09-06T11:41:31-05:00","8","9","https://cdn.shopify.com/s/files/1/0792/5098/1063/files/618e4802da8df1066344bf831c81765e29a5af9371d35764336bc7f19b43acf3.jpg?v=1786607324","24.90","69.90","TRUE","collections/all/products.json","DISCOVERED","DISCOVERED","","2026-09-06T23:41:32.4166246+07:00"
"293","jeminise.com","jeminise.com+personalized-s-day-mother-and-daughter-quilt-with-photo-and-daisies-8dd40d7242-8dd40d7242","8834789572807","","personalized-s-day-mother-and-daughter-quilt-with-photo-and-daisies-8dd40d7242-8dd40d7242","https://jeminise.com/products/personalized-s-day-mother-and-daughter-quilt-with-photo-and-daisies-8dd40d7242-8dd40d7242","https://jeminise.com/collections/all/products/personalized-s-day-mother-and-daughter-quilt-with-photo-and-daisies-8dd40d7242-8dd40d7242","","Personalized S Day Mother and Daughter Quilt with Photo and Daisies","Jeminise","Quilt","amazon-import, amazon-parent-b0djy5ywty, Blanket, Custom Blanket, Family Blanket, Mom Blanket, Mom Gift, Personalized Blanket","2026-07-26T17:08:43-05:00","2026-07-26T17:05:30-05:00","2026-09-06T11:41:31-05:00","15","7","https://cdn.shopify.com/s/files/1/0792/5098/1063/files/123726973da79f6d2abed9ab3b9d801262c4d357085ffc54ce3f55125381a369.jpg?v=1785103532","51.90","111.90","TRUE","collections/all/products.json","DISCOVERED","DISCOVERED","","2026-09-06T23:41:32.4166246+07:00"
"294","jeminise.com","jeminise.com+personalized-seasonal-bookworms-sophia-reading-girl-throw-blanket","8860456091847","","personalized-seasonal-bookworms-sophia-reading-girl-throw-blanket","https://jeminise.com/products/personalized-seasonal-bookworms-sophia-reading-girl-throw-blanket","https://jeminise.com/collections/all/products/personalized-seasonal-bookworms-sophia-reading-girl-throw-blanket","","Personalized Seasonal Bookworms Sophia Reading Girl Throw Blanket","Jeminise","Blanket","amazon-import, amazon-parent-b0dj32wq8x, Birthday Gift, Blanket, Book Lover Blankets, Book Lover Gift, Christmas Gift, Custom Blanket, Personalized Blanket","2026-08-13T03:03:44-05:00","2026-08-13T02:48:13-05:00","2026-09-06T11:41:31-05:00","8","9","https://cdn.shopify.com/s/files/1/0792/5098/1063/files/e3907ab876eb751a3b9fe680986099ca55089540cd1489d8f98899be15507deb.jpg?v=1786607295","24.90","74.90","TRUE","collections/all/products.json","DISCOVERED","DISCOVERED","","2026-09-06T23:41:32.4166246+07:00"
"295","jeminise.com","jeminise.com+personalized-southwestern-wolf-head-with-geometric-patterns-comforter-1d03ff91e5-1d03ff91e5","8837151555783","","personalized-southwestern-wolf-head-with-geometric-patterns-comforter-1d03ff91e5-1d03ff91e5","https://jeminise.com/products/personalized-southwestern-wolf-head-with-geometric-patterns-comforter-1d03ff91e5-1d03ff91e5","https://jeminise.com/collections/all/products/personalized-southwestern-wolf-head-with-geometric-patterns-comforter-1d03ff91e5-1d03ff91e5","","Personalized Southwestern Wolf Head with Geometric Patterns Quilt","Jeminise","Quilt","amazon-import, amazon-parent-b0d6txgk88, Custom Blanket, Family Blanket, Personalized Blanket, Quilt Set, Wildlife Quilt","2026-07-27T14:50:50-05:00","2026-07-27T14:48:34-05:00","2026-09-06T11:41:31-05:00","10","5","https://cdn.shopify.com/s/files/1/0792/5098/1063/files/847f824292d3a6c9b5e7da61f52d1e116debc17025fec4ed6c5ce9638c6a728c.jpg?v=1785181716","49.90","109.90","TRUE","collections/all/products.json","DISCOVERED","DISCOVERED","","2026-09-06T23:41:32.4166246+07:00"
"296","jeminise.com","jeminise.com+personalized-sunflower-christian-blanket-with-bible-verses-custom","8859764261063","","personalized-sunflower-christian-blanket-with-bible-verses-custom","https://jeminise.com/products/personalized-sunflower-christian-blanket-with-bible-verses-custom","https://jeminise.com/collections/all/products/personalized-sunflower-christian-blanket-with-bible-verses-custom","","Personalized Sunflower Christian Blanket with Bible Verses – Custom","Jeminise","Blanket","amazon-import, amazon-parent-b0dj2zng8s, Blanket, Christian & Baptism Blanket, Christian & Baptism Blankets, Christian & Baptism Comforter, Christian Gift, Custom Blanket, Inspirational Gift, Personalized Blanket","2026-08-12T16:49:20-05:00","2026-08-12T16:48:03-05:00","2026-09-06T11:41:31-05:00","16","6","https://cdn.shopify.com/s/files/1/0792/5098/1063/files/ecf02ec9f3f78cd33b5387ad279d26c548197a2a0787f6bf8018c72472154087.jpg?v=1786571285","24.90","89.85","TRUE","collections/all/products.json","DISCOVERED","DISCOVERED","","2026-09-06T23:41:32.4166246+07:00"
"297","jeminise.com","jeminise.com+personalized-sunflower-god-says-you-are-throw-blanket-lightweight","8859759345863","","personalized-sunflower-god-says-you-are-throw-blanket-lightweight","https://jeminise.com/products/personalized-sunflower-god-says-you-are-throw-blanket-lightweight","https://jeminise.com/collections/all/products/personalized-sunflower-god-says-you-are-throw-blanket-lightweight","","Personalized Sunflower God Says You Are Throw Blanket, Lightweight","Jeminise","Blanket","amazon-import, amazon-parent-b0dj2zng8s, Blanket, Christian & Baptism Blankets, Christian & Baptism Comforter, Christian Gift, Custom Blanket, Inspirational Gift, Personalized Blanket","2026-08-12T16:49:14-05:00","2026-08-12T16:41:37-05:00","2026-09-06T11:41:31-05:00","16","7","https://cdn.shopify.com/s/files/1/0792/5098/1063/files/6117c180184ce143733f01a6d9e5e1d335a49dd2aa4ad818c83b13bd4a6fe167.jpg?v=1786570899","24.90","89.85","TRUE","collections/all/products.json","DISCOVERED","DISCOVERED","","2026-09-06T23:41:32.4166246+07:00"
"298","jeminise.com","jeminise.com+personalized-sunflowers-and-butterflies-affirmations-blanket-unique","8859760558279","","personalized-sunflowers-and-butterflies-affirmations-blanket-unique","https://jeminise.com/products/personalized-sunflowers-and-butterflies-affirmations-blanket-unique","https://jeminise.com/collections/all/products/personalized-sunflowers-and-butterflies-affirmations-blanket-unique","","Personalized Sunflowers and Butterflies Affirmations Blanket - Unique","Jeminise","Blanket","All Seasons, amazon-import, amazon-parent-b0dj2zng8s, Blanket, Christian & Baptism Blankets, Christian & Baptism Comforter, Christian Gift, Custom Blanket, Inspirational Gift, Personalized Blanket","2026-08-12T16:49:16-05:00","2026-08-12T16:42:30-05:00","2026-09-06T11:41:31-05:00","16","6","https://cdn.shopify.com/s/files/1/0792/5098/1063/files/a325934261787008a08e8b53061ce8dd74f1510f6ab3c3fb6aabbd69dbd4b3a8.jpg?v=1786570952","24.90","89.85","TRUE","collections/all/products.json","DISCOVERED","DISCOVERED","","2026-09-06T23:41:32.4166246+07:00"
"299","jeminise.com","jeminise.com+personalized-teal-argyle-reading-girl-with-books-throw-blanket-book","8860456026311","","personalized-teal-argyle-reading-girl-with-books-throw-blanket-book","https://jeminise.com/products/personalized-teal-argyle-reading-girl-with-books-throw-blanket-book","https://jeminise.com/collections/all/products/personalized-teal-argyle-reading-girl-with-books-throw-blanket-book","","Personalized Teal Argyle Reading Girl with Books Throw Blanket - Book","Jeminise","Blanket","amazon-import, amazon-parent-b0dj32wq8x, Blanket, Book Lover, Book Lover Blankets, Christmas Blankets, Custom Blanket, Mom Gift, Personalized Blanket, Thoughtful Gift","2026-08-13T03:03:43-05:00","2026-08-13T02:47:54-05:00","2026-09-06T11:41:31-05:00","32","7","https://cdn.shopify.com/s/files/1/0792/5098/1063/files/157e6ca3ce2085ae3dfd8e37d6e361ee74d4647de98d7482e99053a512e7d3a6.jpg?v=1786607276","24.90","349.85","TRUE","collections/all/products.json","DISCOVERED","DISCOVERED","","2026-09-06T23:41:32.4166246+07:00"
"300","jeminise.com","jeminise.com+personalized-vibrant-cactus-and-desert-flowers-quilt-set-style-4","8859692335303","","personalized-vibrant-cactus-and-desert-flowers-quilt-set-style-4","https://jeminise.com/products/personalized-vibrant-cactus-and-desert-flowers-quilt-set-style-4","https://jeminise.com/collections/all/products/personalized-vibrant-cactus-and-desert-flowers-quilt-set-style-4","","Personalized Vibrant Cactus and Desert Flowers Quilt Set - Style #4","Jeminise","Quilt Sets","amazon-import, amazon-parent-b0fj1r1bh2, Cactus, Easy Care, Floral Quilt, Gift Idea, Home Decor, Personalized Blanket, Quilt Set","2026-08-12T15:45:27-05:00","2026-08-12T15:37:05-05:00","2026-09-06T11:41:31-05:00","20","7","https://cdn.shopify.com/s/files/1/0792/5098/1063/files/49cf115ec791506a0728412ad88c26e937d8d7cc5ab11d60c2ed096e8c0ddea1.jpg?v=1786567027","56.90","126.90","TRUE","collections/all/products.json","DISCOVERED","DISCOVERED","","2026-09-06T23:41:32.4166246+07:00"
"301","jeminise.com","jeminise.com+personalized-vibrant-cactus-flower-quilt-set-machine-washable-style","8859692794055","","personalized-vibrant-cactus-flower-quilt-set-machine-washable-style","https://jeminise.com/products/personalized-vibrant-cactus-flower-quilt-set-machine-washable-style","https://jeminise.com/collections/all/products/personalized-vibrant-cactus-flower-quilt-set-machine-washable-style","","Personalized Vibrant Cactus Flower Quilt Set","Jeminise","Quilt Sets","amazon-import, amazon-parent-b0fj1r1bh2, Easy Care, Floral Quilt, Personalized Blanket, Quilt Set, Thoughtful Gift","2026-08-12T15:45:28-05:00","2026-08-12T15:37:29-05:00","2026-09-06T11:41:31-05:00","20","7","https://cdn.shopify.com/s/files/1/0792/5098/1063/files/f30114237853d8f22781590e4c8f93c3e1279dd5a90c983837e5a02c5a0e7277.jpg?v=1786567052","56.90","126.90","TRUE","collections/all/products.json","DISCOVERED","DISCOVERED","","2026-09-06T23:41:32.4166246+07:00"
"302","jeminise.com","jeminise.com+personalized-vibrant-embroidered-desert-cactus-quilt-set-style-8","8859691843783","","personalized-vibrant-embroidered-desert-cactus-quilt-set-style-8","https://jeminise.com/products/personalized-vibrant-embroidered-desert-cactus-quilt-set-style-8","https://jeminise.com/collections/all/products/personalized-vibrant-embroidered-desert-cactus-quilt-set-style-8","","Personalized Vibrant Embroidered Desert Cactus Quilt Set - Style #8","Jeminise","Quilt Sets","amazon-import, amazon-parent-b0fj1r1bh2, Cactus, Floral Quilt, Home Décor, Nature-Inspired, Personalized Blanket, Quilt Set, Summer Bedding","2026-08-12T15:45:26-05:00","2026-08-12T15:36:43-05:00","2026-09-06T11:41:31-05:00","20","7","https://cdn.shopify.com/s/files/1/0792/5098/1063/files/fcb95a013bf2344230ebf10e0026afa373de975b61fbfbe5676705b5e6a9eb3a.jpg?v=1786567005","56.90","126.90","TRUE","collections/all/products.json","DISCOVERED","DISCOVERED","","2026-09-06T23:41:32.4166246+07:00"
"303","jeminise.com","jeminise.com+personalized-vibrant-flowering-cactus-desert-scene-quilt-set-style","8859695055047","","personalized-vibrant-flowering-cactus-desert-scene-quilt-set-style","https://jeminise.com/products/personalized-vibrant-flowering-cactus-desert-scene-quilt-set-style","https://jeminise.com/collections/all/products/personalized-vibrant-flowering-cactus-desert-scene-quilt-set-style","","Personalized Vibrant Flowering Cactus Desert Scene Quilt Set - Style","Jeminise","Quilt Sets","amazon-import, amazon-parent-b0fj1r1bh2, Christmas Gift, Christmas Quilt, Custom Blanket, Family Blanket, Personalized Blanket, Quilt Set, Thoughtful Gift","2026-08-12T15:45:30-05:00","2026-08-12T15:38:19-05:00","2026-09-06T11:41:31-05:00","20","7","https://cdn.shopify.com/s/files/1/0792/5098/1063/files/572ffd949c4dcd3390d124c58dcf4e1bcdcdbe9fee2b5b17019932847be98141.jpg?v=1786567101","56.90","126.90","TRUE","collections/all/products.json","DISCOVERED","DISCOVERED","","2026-09-06T23:41:32.4166246+07:00"
"304","jeminise.com","jeminise.com+personalized-vibrant-potted-cactus-garden-quilt-set-machine-washable","8859691581639","","personalized-vibrant-potted-cactus-garden-quilt-set-machine-washable","https://jeminise.com/products/personalized-vibrant-potted-cactus-garden-quilt-set-machine-washable","https://jeminise.com/collections/all/products/personalized-vibrant-potted-cactus-garden-quilt-set-machine-washable","","Personalized Vibrant Potted Cactus Garden Quilt Set, Machine Washable","Jeminise","Quilt Sets","amazon-import, amazon-parent-b0fj1r1bh2, Cactus, Customizable, Easy Care, Floral Quilt, Home Decor, Quilt Set","2026-08-12T15:45:25-05:00","2026-08-12T15:36:36-05:00","2026-09-06T11:41:31-05:00","20","7","https://cdn.shopify.com/s/files/1/0792/5098/1063/files/0820d4edf346c3a1ab210e0ac1fa036e93ba2906ead415567e0c50571075a28b.jpg?v=1786566998","56.90","126.90","TRUE","collections/all/products.json","DISCOVERED","DISCOVERED","","2026-09-06T23:41:32.4166246+07:00"
"305","jeminise.com","jeminise.com+personalized-vibrant-potted-cactus-quilt-set-machine-washa-design-3","8859693121735","","personalized-vibrant-potted-cactus-quilt-set-machine-washa-design-3","https://jeminise.com/products/personalized-vibrant-potted-cactus-quilt-set-machine-washa-design-3","https://jeminise.com/collections/all/products/personalized-vibrant-potted-cactus-quilt-set-machine-washa-design-3","","Personalized Vibrant Potted Cactus Quilt Set, Machine Washa - Design 3","Jeminise","Quilt Sets","amazon-import, amazon-parent-b0fj1r1bh2, Cactus, Easy Care, Floral Quilt, Personalized Blanket, Quilt Set, Southwestern Style, Thoughtful Gift","2026-08-12T15:45:29-05:00","2026-08-12T15:37:46-05:00","2026-09-06T11:41:31-05:00","20","7","https://cdn.shopify.com/s/files/1/0792/5098/1063/files/64fe56f394f0d1a150ac2c5375c6ba0e7b6d8a99f49747965ede239298f4c4a9.jpg?v=1786567068","56.90","126.90","TRUE","collections/all/products.json","DISCOVERED","DISCOVERED","","2026-09-06T23:41:32.4166246+07:00"
"306","jeminise.com","jeminise.com+personalized-viking-celtic-tree-of-life-quilt-quilt-set-viking-style","8859736965319","","personalized-viking-celtic-tree-of-life-quilt-quilt-set-viking-style","https://jeminise.com/products/personalized-viking-celtic-tree-of-life-quilt-quilt-set-viking-style","https://jeminise.com/collections/all/products/personalized-viking-celtic-tree-of-life-quilt-quilt-set-viking-style","","Personalized Viking Celtic Tree of Life Quilt Quilt Set - Viking Style","Jeminise","Quilt Sets","amazon-import, amazon-parent-b0dnq35hcn, Christmas Gift, Dad Gift, Family Blanket, Housewarming Gift, Mom Gift, Personalized Blanket, Quilt Set, Tree of Life Quilt","2026-08-12T16:24:44-05:00","2026-08-12T16:19:02-05:00","2026-09-06T11:41:31-05:00","20","7","https://cdn.shopify.com/s/files/1/0792/5098/1063/files/8c9b6c0638bc782643b8e97630b0d1b0e8f130a4e605fa8f16c2d30b0501a262.jpg?v=1786569544","56.90","126.90","TRUE","collections/all/products.json","DISCOVERED","DISCOVERED","","2026-09-06T23:41:32.4166246+07:00"
"307","jeminise.com","jeminise.com+personalized-vintage-reading-girl-with-flowers-throw-blanket-book","8860456616135","","personalized-vintage-reading-girl-with-flowers-throw-blanket-book","https://jeminise.com/products/personalized-vintage-reading-girl-with-flowers-throw-blanket-book","https://jeminise.com/collections/all/products/personalized-vintage-reading-girl-with-flowers-throw-blanket-book","","Personalized Vintage Reading Girl with Flowers Throw Blanket - Book","Jeminise","Blanket","amazon-import, amazon-parent-b0dj32wq8x, Birthday Gift, Blanket, Book Lover Blankets, Book Lover Gift, Christmas Gift, Custom Blanket, Personalized Blanket","2026-08-13T03:03:50-05:00","2026-08-13T02:49:34-05:00","2026-09-06T11:41:31-05:00","32","6","https://cdn.shopify.com/s/files/1/0792/5098/1063/files/e6c9bc4ddd17b5c78bd756405277892fb198e6e94305370530d6afb4dfe0b737.jpg?v=1786607376","24.90","94.85","TRUE","collections/all/products.json","DISCOVERED","DISCOVERED","","2026-09-06T23:41:32.4166246+07:00"
"308","jeminise.com","jeminise.com+personalized-vintage-yggdrasil-tree-of-life-quilt-sets-vintage","8859736768711","","personalized-vintage-yggdrasil-tree-of-life-quilt-sets-vintage","https://jeminise.com/products/personalized-vintage-yggdrasil-tree-of-life-quilt-sets-vintage","https://jeminise.com/collections/all/products/personalized-vintage-yggdrasil-tree-of-life-quilt-sets-vintage","","Personalized Vintage Yggdrasil Tree of Life Quilt Sets - Vintage","Jeminise","Quilt Sets","amazon-import, amazon-parent-b0dnq35hcn, Custom Blanket, Family Blanket, Gift Ideas, Personalized Blanket, Quilt Set, Tree of Life Quilt","2026-08-12T16:24:42-05:00","2026-08-12T16:18:46-05:00","2026-09-06T11:41:31-05:00","20","7","https://cdn.shopify.com/s/files/1/0792/5098/1063/files/ff82e284f04f3d919a0b189bf951b79d9ae517b94a8b8f6c8ceffe8994cecb2b.jpg?v=1786569528","56.90","126.90","TRUE","collections/all/products.json","DISCOVERED","DISCOVERED","","2026-09-06T23:41:32.4166246+07:00"
"309","jeminise.com","jeminise.com+personalized-watercolor-basketball-players-dunking-blanket-83c424fef1-83c424fef1","8834352349383","","personalized-watercolor-basketball-players-dunking-blanket-83c424fef1-83c424fef1","https://jeminise.com/products/personalized-watercolor-basketball-players-dunking-blanket-83c424fef1-83c424fef1","https://jeminise.com/collections/all/products/personalized-watercolor-basketball-players-dunking-blanket-83c424fef1-83c424fef1","","Personalized Watercolor Basketball Players Dunking Blanket","Jeminise","Blanket","amazon-import, amazon-parent-b0bty8y9v2, Blanket, Custom Blanket, Fleece Blanket, Personalized Blanket, Sherpa Blanket, Sports Blankets","2026-07-26T13:50:59-05:00","2026-07-26T13:30:50-05:00","2026-09-06T11:41:31-05:00","8","8","https://cdn.shopify.com/s/files/1/0792/5098/1063/files/e7b232b1296f5c4702aea12a2a046bdcc7a5429ea8d5588cc5def81486f48c71.jpg?v=1785090653","24.90","69.90","TRUE","collections/all/products.json","DISCOVERED","DISCOVERED","","2026-09-06T23:41:32.4166246+07:00"
"310","jeminise.com","jeminise.com+personalized-wildlife-and-romance-two-deer-standing-in-a-forest-comforter-ef860ca9a2-ef860ca9a2","8834826305735","","personalized-wildlife-and-romance-two-deer-standing-in-a-forest-comforter-ef860ca9a2-ef860ca9a2","https://jeminise.com/products/personalized-wildlife-and-romance-two-deer-standing-in-a-forest-comforter-ef860ca9a2-ef860ca9a2","https://jeminise.com/collections/all/products/personalized-wildlife-and-romance-two-deer-standing-in-a-forest-comforter-ef860ca9a2-ef860ca9a2","","Personalized Wildlife and Romance Two Deer Standing in a Forest Comforter","Jeminise","Quilt","amazon-import, amazon-parent-b0dq834hd8, Couple Blanket, Custom Blanket, Personalized Blanket, Quilt Set, Wildlife Quilt","2026-07-26T23:29:36-05:00","2026-07-26T17:39:24-05:00","2026-09-06T11:41:31-05:00","15","8","https://cdn.shopify.com/s/files/1/0792/5098/1063/files/fa4717f694ded74aa0f7537387b57faa48a0782276df2e00dcd53e838230f96b.jpg?v=1785105566","51.90","116.90","TRUE","collections/all/products.json","DISCOVERED","DISCOVERED","","2026-09-06T23:41:32.4166246+07:00"
"311","jeminise.com","jeminise.com+personalized-wildlife-deer-comforter-with-buck-6532972aba-6532972aba","8834820309191","","personalized-wildlife-deer-comforter-with-buck-6532972aba-6532972aba","https://jeminise.com/products/personalized-wildlife-deer-comforter-with-buck-6532972aba-6532972aba","https://jeminise.com/collections/all/products/personalized-wildlife-deer-comforter-with-buck-6532972aba-6532972aba","","Personalized Wildlife Deer Comforter with Buck","Jeminise","Quilt","amazon-import, amazon-parent-b0dq834hd8, Couple Blanket, Custom Blanket, Personalized Blanket, Quilt Set, Wildlife Quilt","2026-07-26T23:29:34-05:00","2026-07-26T17:34:16-05:00","2026-09-06T11:41:31-05:00","15","8","https://cdn.shopify.com/s/files/1/0792/5098/1063/files/b60c1df11337d80d909a2696e258f5951cfc498dd917d14a968a5b834c58a12b.jpg?v=1785105258","51.90","116.90","TRUE","collections/all/products.json","DISCOVERED","DISCOVERED","","2026-09-06T23:41:32.4166246+07:00"
"312","jeminise.com","jeminise.com+personalized-wildlife-deer-couple-in-forest-clearing-comforter-with-buck-4a23dec50b-4a23dec50b","8834817360071","","personalized-wildlife-deer-couple-in-forest-clearing-comforter-with-buck-4a23dec50b-4a23dec50b","https://jeminise.com/products/personalized-wildlife-deer-couple-in-forest-clearing-comforter-with-buck-4a23dec50b-4a23dec50b","https://jeminise.com/collections/all/products/personalized-wildlife-deer-couple-in-forest-clearing-comforter-with-buck-4a23dec50b-4a23dec50b","","Personalized Wildlife Deer Couple in Forest Clearing Comforter with Buck","Jeminise","Quilt","amazon-import, amazon-parent-b0dq834hd8, Couple Blanket, Custom Blanket, Family Blanket, Personalized Blanket, Quilt Set, Wildlife Quilt","2026-07-26T23:29:33-05:00","2026-07-26T17:30:48-05:00","2026-09-06T11:41:31-05:00","15","8","https://cdn.shopify.com/s/files/1/0792/5098/1063/files/45f641a00ecaba40441f52c20810a48bed2d3dcc71af910de3179995ee4cfd08.jpg?v=1785105050","51.90","116.90","TRUE","collections/all/products.json","DISCOVERED","DISCOVERED","","2026-09-06T23:41:32.4166246+07:00"
"313","jeminise.com","jeminise.com+personalized-wildlife-deer-couple-in-forest-comforter-0b240654a2-0b240654a2","8834819424455","","personalized-wildlife-deer-couple-in-forest-comforter-0b240654a2-0b240654a2","https://jeminise.com/products/personalized-wildlife-deer-couple-in-forest-comforter-0b240654a2-0b240654a2","https://jeminise.com/collections/all/products/personalized-wildlife-deer-couple-in-forest-comforter-0b240654a2-0b240654a2","","Personalized Wildlife Deer Couple in Forest Comforter","Jeminise","Quilt","amazon-import, amazon-parent-b0dq834hd8, Couple Blanket, Custom Blanket, Family Blanket, Personalized Blanket, Quilt Set, Wildlife Quilt","2026-07-26T23:29:34-05:00","2026-07-26T17:33:10-05:00","2026-09-06T11:41:31-05:00","15","8","https://cdn.shopify.com/s/files/1/0792/5098/1063/files/11e2fcd54d3b33e2e36efc82131a4efcf0aab2c6bcd2535307a57d0a6968726d.jpg?v=1785105192","51.90","116.90","TRUE","collections/all/products.json","DISCOVERED","DISCOVERED","","2026-09-06T23:41:32.4166246+07:00"
"314","jeminise.com","jeminise.com+personalized-wildlife-deer-couple-touching-noses-comforter-with-buck-af760d7fee-af760d7fee","8834816377031","","personalized-wildlife-deer-couple-touching-noses-comforter-with-buck-af760d7fee-af760d7fee","https://jeminise.com/products/personalized-wildlife-deer-couple-touching-noses-comforter-with-buck-af760d7fee-af760d7fee","https://jeminise.com/collections/all/products/personalized-wildlife-deer-couple-touching-noses-comforter-with-buck-af760d7fee-af760d7fee","","Personalized Wildlife Deer Couple Touching Noses Comforter with Buck","Jeminise","Quilt","amazon-import, amazon-parent-b0dq834hd8, Couple Blanket, Couple Gift, Personalized Blanket, Quilt Set, Wildlife Quilt","2026-07-26T23:29:32-05:00","2026-07-26T17:29:20-05:00","2026-09-06T11:41:31-05:00","15","8","https://cdn.shopify.com/s/files/1/0792/5098/1063/files/29b61b678872bc0910d8264f1410b53981465e847a43338c8d19817013e78b61.jpg?v=1785104963","51.90","116.90","TRUE","collections/all/products.json","DISCOVERED","DISCOVERED","","2026-09-06T23:41:32.4166246+07:00"
"315","jeminise.com","jeminise.com+personalized-wolf-head-framed-by-dreamcatcher-comforter-9f18113446-9f18113446","8837142970567","","personalized-wolf-head-framed-by-dreamcatcher-comforter-9f18113446-9f18113446","https://jeminise.com/products/personalized-wolf-head-framed-by-dreamcatcher-comforter-9f18113446-9f18113446","https://jeminise.com/collections/all/products/personalized-wolf-head-framed-by-dreamcatcher-comforter-9f18113446-9f18113446","","Personalized Wolf Head Framed By Dreamcatcher Quilt","Jeminise","Quilt","amazon-import, amazon-parent-b0d6txgk88, Custom Blanket, Kids' Bedding, Personalized Blanket, Quilt Set, Wildlife Quilt","2026-07-27T14:50:49-05:00","2026-07-27T14:46:29-05:00","2026-09-06T11:41:31-05:00","10","5","https://cdn.shopify.com/s/files/1/0792/5098/1063/files/57e1a8547d9578dfbd4cb365b5dac1464d50dddfc67ecba66724396fbab13c5a.jpg?v=1785181591","49.90","109.90","TRUE","collections/all/products.json","DISCOVERED","DISCOVERED","","2026-09-06T23:41:32.4166246+07:00"
"316","jeminise.com","jeminise.com+personalized-wolf-head-with-geometric-headdress-comforter-15e566fdc2-15e566fdc2","8837147492551","","personalized-wolf-head-with-geometric-headdress-comforter-15e566fdc2-15e566fdc2","https://jeminise.com/products/personalized-wolf-head-with-geometric-headdress-comforter-15e566fdc2-15e566fdc2","https://jeminise.com/collections/all/products/personalized-wolf-head-with-geometric-headdress-comforter-15e566fdc2-15e566fdc2","","Personalized Wolf Head with Geometric Headdress Quilt","Jeminise","Quilt","amazon-import, amazon-parent-b0d6txgk88, Custom Blanket, Personalized Blanket, Quilt Set, Wildlife Quilt","2026-07-27T14:50:49-05:00","2026-07-27T14:47:33-05:00","2026-09-06T11:41:31-05:00","10","5","https://cdn.shopify.com/s/files/1/0792/5098/1063/files/36d47dec8df68aefbfaa385d2e62d3bd367739649c7dd105ba4931c1f4379a40.jpg?v=1785181655","49.90","109.90","TRUE","collections/all/products.json","DISCOVERED","DISCOVERED","","2026-09-06T23:41:32.4166246+07:00"
"317","jeminise.com","jeminise.com+personalized-yggdrasil-tree-of-life-quilt-sets-machine-washable","8859738308807","","personalized-yggdrasil-tree-of-life-quilt-sets-machine-washable","https://jeminise.com/products/personalized-yggdrasil-tree-of-life-quilt-sets-machine-washable","https://jeminise.com/collections/all/products/personalized-yggdrasil-tree-of-life-quilt-sets-machine-washable","","Personalized Yggdrasil Tree of Life Quilt Sets, Machine Washable","Jeminise","Quilt Sets","amazon-import, amazon-parent-b0dnq35hcn, Christmas Gift, Family Blanket, Housewarming Gift, Personalized Blanket, Quilt Set, Tree of Life Quilt, Wedding Gift","2026-08-12T16:24:46-05:00","2026-08-12T16:21:42-05:00","2026-09-06T11:41:31-05:00","20","7","https://cdn.shopify.com/s/files/1/0792/5098/1063/files/4742829581b34362f006de9f3ca62def7a3c32f06bbfdc4660a557ce721c9e52.jpg?v=1786569704","56.90","126.90","TRUE","collections/all/products.json","DISCOVERED","DISCOVERED","","2026-09-06T23:41:32.4166246+07:00"
"318","jeminise.com","jeminise.com+personalized-yggdrasil-tree-of-life-with-ravens-quilt-sets-yggdrasil","8859736211655","","personalized-yggdrasil-tree-of-life-with-ravens-quilt-sets-yggdrasil","https://jeminise.com/products/personalized-yggdrasil-tree-of-life-with-ravens-quilt-sets-yggdrasil","https://jeminise.com/collections/all/products/personalized-yggdrasil-tree-of-life-with-ravens-quilt-sets-yggdrasil","","Personalized Yggdrasil Tree of Life with Ravens Quilt Sets - Yggdrasil","Jeminise","Quilt Sets","amazon-import, amazon-parent-b0dnq35hcn, Dad Gift, Family Blanket, Housewarming Gift, Mom Gift, Personalized Blanket, Quilt Set, Tree of Life Quilt, Wedding Gift","2026-08-12T16:24:40-05:00","2026-08-12T16:18:12-05:00","2026-09-06T11:41:31-05:00","20","7","https://cdn.shopify.com/s/files/1/0792/5098/1063/files/a7ebac45bb994a4015744931c9efa4fd4aace88cffcf1f9c39c7b1bf7b6d46e7.jpg?v=1786569494","56.90","126.90","TRUE","collections/all/products.json","DISCOVERED","DISCOVERED","","2026-09-06T23:41:32.4166246+07:00"
"319","jeminise.com","jeminise.com+personalized-yggdrasil-vibrant-gold-quilt-sets-machine-washable","8859736113351","","personalized-yggdrasil-vibrant-gold-quilt-sets-machine-washable","https://jeminise.com/products/personalized-yggdrasil-vibrant-gold-quilt-sets-machine-washable","https://jeminise.com/collections/all/products/personalized-yggdrasil-vibrant-gold-quilt-sets-machine-washable","","Personalized Yggdrasil Vibrant Gold Quilt Sets, Machine Washable","Jeminise","Quilt Sets","amazon-import, amazon-parent-b0dnq35hcn, Dad Gift, Family Blanket, Housewarming Gift, Mom Gift, Personalized Blanket, Quilt Set, Tree of Life Quilt, Wedding Gift","2026-08-12T16:24:39-05:00","2026-08-12T16:18:07-05:00","2026-09-06T11:41:31-05:00","20","7","https://cdn.shopify.com/s/files/1/0792/5098/1063/files/90b4e30de46403356a33ae45480917515d4cb0a832f973392ef2ef60f68b1aa9.jpg?v=1786569489","56.90","126.90","TRUE","collections/all/products.json","DISCOVERED","DISCOVERED","","2026-09-06T23:41:32.4166246+07:00"
"320","jeminise.com","jeminise.com+rooster-patchwork-pattern-quilt-set-animal-bedding-chicken","8867087515847","","rooster-patchwork-pattern-quilt-set-animal-bedding-chicken","https://jeminise.com/products/rooster-patchwork-pattern-quilt-set-animal-bedding-chicken","https://jeminise.com/collections/all/products/rooster-patchwork-pattern-quilt-set-animal-bedding-chicken","","Rooster Patchwork Pattern Quilt Set, Animal Bedding - Chicken","Jeminise","Quilt Sets","amazon-import, amazon-parent-b0dr8q4jxb, Christmas Quilt, Couples & Family Blankets, Dad Gift, Mom Gift, Personalized Blanket, Quilt Set","2026-08-20T09:03:58-05:00","2026-08-20T08:41:15-05:00","2026-09-06T11:41:31-05:00","20","7","https://cdn.shopify.com/s/files/1/0792/5098/1063/files/794f9b8e428e9e59a2882fbfa72f861c96c9c3e4cfb774ed12a0721b6a55556d.jpg?v=1787233277","54.90","124.90","TRUE","collections/all/products.json","DISCOVERED","DISCOVERED","","2026-09-06T23:41:32.4166246+07:00"
"321","jeminise.com","jeminise.com+sea-turtle-pattern-quilt-animal-patchwork-sea-turtle-quilt-set","8867094495431","","sea-turtle-pattern-quilt-animal-patchwork-sea-turtle-quilt-set","https://jeminise.com/products/sea-turtle-pattern-quilt-animal-patchwork-sea-turtle-quilt-set","https://jeminise.com/collections/all/products/sea-turtle-pattern-quilt-animal-patchwork-sea-turtle-quilt-set","","Sea Turtle Pattern Quilt, Animal Patchwork Sea Turtle Quilt Set","Jeminise","Quilt Sets","amazon-import, amazon-parent-b0dr8q4jxb, Birthday Gift, Christmas Gift, Family Blanket, New Year Gift, Personalized Blanket, Quilt Set, Wildlife Quilt","2026-08-20T09:04:02-05:00","2026-08-20T08:47:17-05:00","2026-09-06T11:41:31-05:00","20","7","https://cdn.shopify.com/s/files/1/0792/5098/1063/files/b7779fdb7255a804c46d276d268b43834aa8d77d5dc75fe45b991011d031d039.jpg?v=1787233640","54.90","124.90","TRUE","collections/all/products.json","DISCOVERED","DISCOVERED","","2026-09-06T23:41:32.4166246+07:00"
"322","jeminise.com","jeminise.com+softball-ball-sports-comforter-set-bright-teal-yellow-bedding-for","8867219243207","","softball-ball-sports-comforter-set-bright-teal-yellow-bedding-for","https://jeminise.com/products/softball-ball-sports-comforter-set-bright-teal-yellow-bedding-for","https://jeminise.com/collections/all/products/softball-ball-sports-comforter-set-bright-teal-yellow-bedding-for","","Softball Ball Sports Comforter Set – Bright Teal Yellow Bedding for","Jeminise","Comforter Sets","amazon-import, amazon-parent-b0cjnfgzvk, Comforter Set, Custom Blanket, Personalized Blanket, Softball, Softball Fans, Softball Lovers, Sport, Sports Comforter","2026-08-20T12:05:52-05:00","2026-08-20T11:58:08-05:00","2026-09-06T11:41:31-05:00","12","7","https://cdn.shopify.com/s/files/1/0792/5098/1063/files/92de3bc5909faf79f65be906d3509c5d43eb566fd2812a2ffae08fa86d26172a.jpg?v=1787245090","61.90","121.90","TRUE","collections/all/products.json","DISCOVERED","DISCOVERED","","2026-09-06T23:41:32.4166246+07:00"
"323","jeminise.com","jeminise.com+softball-bedding-set-for-girls-women-bright-teal-yellow-sports","8867220324551","","softball-bedding-set-for-girls-women-bright-teal-yellow-sports","https://jeminise.com/products/softball-bedding-set-for-girls-women-bright-teal-yellow-sports","https://jeminise.com/collections/all/products/softball-bedding-set-for-girls-women-bright-teal-yellow-sports","","Softball Bedding Set for Girls & Women – Bright Teal Yellow Sports","Jeminise","Comforter Sets","amazon-import, amazon-parent-b0cjnfgzvk, Comforter Set, Custom Options, Personalized Blanket, Softball Bedding, Softball Lovers, Sport, Sports, Sports Comforter","2026-08-20T12:05:56-05:00","2026-08-20T11:58:49-05:00","2026-09-06T11:41:31-05:00","12","7","https://cdn.shopify.com/s/files/1/0792/5098/1063/files/61db834d9bc65e4af573c3a1bc46d172ea7a5c152930cf23549b851e7b43bb17.jpg?v=1787245132","61.90","121.90","TRUE","collections/all/products.json","DISCOVERED","DISCOVERED","","2026-09-06T23:41:32.4166246+07:00"
"324","jeminise.com","jeminise.com+softball-bedding-set-for-softball-lover-ball-sports-theme-bedding-twin","8867218751687","","softball-bedding-set-for-softball-lover-ball-sports-theme-bedding-twin","https://jeminise.com/products/softball-bedding-set-for-softball-lover-ball-sports-theme-bedding-twin","https://jeminise.com/collections/all/products/softball-bedding-set-for-softball-lover-ball-sports-theme-bedding-twin","","Softball Bedding Set for Softball Lover Ball Sports Theme Bedding Twin","Jeminise","Comforter Sets","amazon-import, amazon-parent-b0cjnfgzvk, Comforter Set, Custom Blanket, Personalized Blanket, Sports Comforter","2026-08-20T12:05:50-05:00","2026-08-20T11:57:47-05:00","2026-09-06T11:41:31-05:00","12","7","https://cdn.shopify.com/s/files/1/0792/5098/1063/files/4c74ff0bddb3aedd06a725926ff5ca9027e11832ed99e8cdb14ee2d2b4b0d2a4.jpg?v=1787245069","61.90","121.90","TRUE","collections/all/products.json","DISCOVERED","DISCOVERED","","2026-09-06T23:41:32.4166246+07:00"
"325","jeminise.com","jeminise.com+softball-bedding-set-for-softball-lover-heart-love-ball-sports-theme","8867218620615","","softball-bedding-set-for-softball-lover-heart-love-ball-sports-theme","https://jeminise.com/products/softball-bedding-set-for-softball-lover-heart-love-ball-sports-theme","https://jeminise.com/collections/all/products/softball-bedding-set-for-softball-lover-heart-love-ball-sports-theme","","Softball Bedding Set for Softball Lover Heart Love Ball Sports Theme","Jeminise","Comforter Sets","amazon-import, amazon-parent-b0cjnfgzvk, Comforter Set, Easy Care, Softball Lover Bedding Set, Sport, Sports Comforter","2026-08-20T12:05:50-05:00","2026-08-20T11:57:43-05:00","2026-09-06T11:41:31-05:00","12","7","https://cdn.shopify.com/s/files/1/0792/5098/1063/files/f7289300a9cd8b2c37f7ab8c3fafaa305142ec580a5c2f28f315ce69a8cc953f.jpg?v=1787245065","61.90","121.90","TRUE","collections/all/products.json","DISCOVERED","DISCOVERED","","2026-09-06T23:41:32.4166246+07:00"
"326","jeminise.com","jeminise.com+softball-bedroom-decor-bedding-set-vibrant-teal-yellow-sports-theme","8867219570887","","softball-bedroom-decor-bedding-set-vibrant-teal-yellow-sports-theme","https://jeminise.com/products/softball-bedroom-decor-bedding-set-vibrant-teal-yellow-sports-theme","https://jeminise.com/collections/all/products/softball-bedroom-decor-bedding-set-vibrant-teal-yellow-sports-theme","","Softball Bedroom Decor Bedding Set – Vibrant Teal Yellow Sports Theme","Jeminise","Comforter Sets","amazon-import, amazon-parent-b0cjnfgzvk, Comforter Set, Jeminise, Softball, Softball Lover, Sports Blankets, Sports Comforter","2026-08-20T12:05:55-05:00","2026-08-20T11:58:21-05:00","2026-09-06T11:41:31-05:00","12","7","https://cdn.shopify.com/s/files/1/0792/5098/1063/files/55edf066aed52941bd0189907b34819e0c6b5ef1d3c881718ffa541cfc9cf2e2.jpg?v=1787245103","61.90","121.90","TRUE","collections/all/products.json","DISCOVERED","DISCOVERED","","2026-09-06T23:41:32.4166246+07:00"
"327","jeminise.com","jeminise.com+softball-fan-bedding-set-stylish-teal-yellow-sports-comforter-for","8867218915527","","softball-fan-bedding-set-stylish-teal-yellow-sports-comforter-for","https://jeminise.com/products/softball-fan-bedding-set-stylish-teal-yellow-sports-comforter-for","https://jeminise.com/collections/all/products/softball-fan-bedding-set-stylish-teal-yellow-sports-comforter-for","","Softball Fan Bedding Set – Stylish Teal Yellow Sports Comforter for","Jeminise","Comforter Sets","amazon-import, amazon-parent-b0cjnfgzvk, Comforter Set, Custom Blanket, Personalized Blanket, Sports Comforter, Thoughtful Gift","2026-08-20T12:05:51-05:00","2026-08-20T11:57:54-05:00","2026-09-06T11:41:31-05:00","12","7","https://cdn.shopify.com/s/files/1/0792/5098/1063/files/fec20753b4bc84c6822b7d141867ac4a32ae48a0c073033e39027cb9fe357ae9.jpg?v=1787245077","61.90","121.90","TRUE","collections/all/products.json","DISCOVERED","DISCOVERED","","2026-09-06T23:41:32.4166246+07:00"
"328","jeminise.com","jeminise.com+softball-lover-comforter-set-teal-yellow-ball-sports-theme-bedding","8867220422855","","softball-lover-comforter-set-teal-yellow-ball-sports-theme-bedding","https://jeminise.com/products/softball-lover-comforter-set-teal-yellow-ball-sports-theme-bedding","https://jeminise.com/collections/all/products/softball-lover-comforter-set-teal-yellow-ball-sports-theme-bedding","","Softball Lover Comforter Set – Teal & Yellow Ball Sports Theme Bedding","Jeminise","Comforter Sets","amazon-import, amazon-parent-b0cjnfgzvk, Comforter Set, Gift For Athlete, Softball, Sports Blanket, Sports Comforter, Sports Fan","2026-08-20T12:05:57-05:00","2026-08-20T11:58:54-05:00","2026-09-06T11:41:31-05:00","12","7","https://cdn.shopify.com/s/files/1/0792/5098/1063/files/a9cb78400a991821e206defff611d123de0daa7cbaa1c9acb1bc6b6f6a94c8af.jpg?v=1787245136","61.90","121.90","TRUE","collections/all/products.json","DISCOVERED","DISCOVERED","","2026-09-06T23:41:32.4166246+07:00"
"329","jeminise.com","jeminise.com+softball-lover-teal-yellow-bedding-stylish-sports-theme-comforter","8867218292935","","softball-lover-teal-yellow-bedding-stylish-sports-theme-comforter","https://jeminise.com/products/softball-lover-teal-yellow-bedding-stylish-sports-theme-comforter","https://jeminise.com/collections/all/products/softball-lover-teal-yellow-bedding-stylish-sports-theme-comforter","","Softball Lover Teal Yellow Bedding – Stylish Sports Theme Comforter","Jeminise","Comforter Sets","amazon-import, amazon-parent-b0cjnfgzvk, Comforter Set, Softball Lover, Sports Comforter, Sports Fan Gift, Teen Comforter, Women Comforter","2026-08-20T12:05:47-05:00","2026-08-20T11:57:29-05:00","2026-09-06T11:41:31-05:00","12","7","https://cdn.shopify.com/s/files/1/0792/5098/1063/files/895e6b304d89eec8cd799b55770ee4746ac9bf7577466b06abf6a527a1adfe19.jpg?v=1787245051","61.90","121.90","TRUE","collections/all/products.json","DISCOVERED","DISCOVERED","","2026-09-06T23:41:32.4166246+07:00"
"330","jeminise.com","jeminise.com+softball-sports-theme-bedding-set-bright-teal-yellow-comforter-for","8867220947143","","softball-sports-theme-bedding-set-bright-teal-yellow-comforter-for","https://jeminise.com/products/softball-sports-theme-bedding-set-bright-teal-yellow-comforter-for","https://jeminise.com/collections/all/products/softball-sports-theme-bedding-set-bright-teal-yellow-comforter-for","","Softball Sports Theme Bedding Set – Bright Teal Yellow Comforter for","Jeminise","Comforter Sets","amazon-import, amazon-parent-b0cjnfgzvk, Comforter Set, Custom Blanket, Personalized Blanket, Sports Comforter, Thoughtful Gift","2026-08-20T12:05:59-05:00","2026-08-20T11:59:16-05:00","2026-09-06T11:41:31-05:00","12","7","https://cdn.shopify.com/s/files/1/0792/5098/1063/files/2204a235ef2ea1b03318f0c56bd2df1a08e223544fd425d9a0290166ef8fcd0e.jpg?v=1787245159","61.90","121.90","TRUE","collections/all/products.json","DISCOVERED","DISCOVERED","","2026-09-06T23:41:32.4166246+07:00"
"331","jeminise.com","jeminise.com+softball-themed-bedding-for-girls-and-women-bright-teal-yellow","8867218489543","","softball-themed-bedding-for-girls-and-women-bright-teal-yellow","https://jeminise.com/products/softball-themed-bedding-for-girls-and-women-bright-teal-yellow","https://jeminise.com/collections/all/products/softball-themed-bedding-for-girls-and-women-bright-teal-yellow","","Softball-Themed Bedding for Girls and Women – Bright Teal Yellow","Jeminise","Comforter Sets","amazon-import, amazon-parent-b0cjnfgzvk, Comforter Set, Custom Options, Girls Gift, Personalized Blanket, Softball Lovers, Sports Comforter, Women Gift","2026-08-20T12:05:49-05:00","2026-08-20T11:57:38-05:00","2026-09-06T11:41:31-05:00","12","7","https://cdn.shopify.com/s/files/1/0792/5098/1063/files/ab04f03ea2e57b507f5d9ccf6faf88e8de84e48a530986432662113077d6e982.jpg?v=1787245060","61.90","121.90","TRUE","collections/all/products.json","DISCOVERED","DISCOVERED","","2026-09-06T23:41:32.4166246+07:00"
"332","jeminise.com","jeminise.com+sports-theme-softball-bedding-premium-teal-yellow-comforter-set-for","8867219505351","","sports-theme-softball-bedding-premium-teal-yellow-comforter-set-for","https://jeminise.com/products/sports-theme-softball-bedding-premium-teal-yellow-comforter-set-for","https://jeminise.com/collections/all/products/sports-theme-softball-bedding-premium-teal-yellow-comforter-set-for","","Sports Theme Softball Bedding – Premium Teal Yellow Comforter Set for","Jeminise","Comforter Sets","amazon-import, amazon-parent-b0cjnfgzvk, Available Sizes, Comforter Set, Easy Care, Softball Fans, Softball Gift, Softball Lovers, Sports Comforter","2026-08-20T12:05:54-05:00","2026-08-20T11:58:18-05:00","2026-09-06T11:41:31-05:00","12","7","https://cdn.shopify.com/s/files/1/0792/5098/1063/files/58c2f7d5cb4a34fd2f14dce9abbae66701891763c79e8df2e2cb4f1838949b16.jpg?v=1787245101","61.90","121.90","TRUE","collections/all/products.json","DISCOVERED","DISCOVERED","","2026-09-06T23:41:32.4166246+07:00"
"333","jeminise.com","jeminise.com+teal-yellow-softball-comforter-set-vibrant-sports-bedroom-decor","8867218424007","","teal-yellow-softball-comforter-set-vibrant-sports-bedroom-decor","https://jeminise.com/products/teal-yellow-softball-comforter-set-vibrant-sports-bedroom-decor","https://jeminise.com/collections/all/products/teal-yellow-softball-comforter-set-vibrant-sports-bedroom-decor","","Teal & Yellow Softball Comforter Set – Vibrant Sports Bedroom Decor","Jeminise","Comforter Sets","amazon-import, amazon-parent-b0cjnfgzvk, Comforter Set, Easy Care, Softball Fans, Sports Blankets, Sports Comforter, Sports Decor","2026-08-20T12:05:48-05:00","2026-08-20T11:57:33-05:00","2026-09-06T11:41:31-05:00","12","7","https://cdn.shopify.com/s/files/1/0792/5098/1063/files/e9eb229020d1f2bc1779b9100e2cb371b101afe738a616a51db6126306a8e259.jpg?v=1787245055","61.90","121.90","TRUE","collections/all/products.json","DISCOVERED","DISCOVERED","","2026-09-06T23:41:32.4166246+07:00"
"334","jeminise.com","jeminise.com+teal-yellow-softball-bedding-set-stylish-sports-bedroom-decor","8867217965255","","teal-yellow-softball-bedding-set-stylish-sports-bedroom-decor","https://jeminise.com/products/teal-yellow-softball-bedding-set-stylish-sports-bedroom-decor","https://jeminise.com/collections/all/products/teal-yellow-softball-bedding-set-stylish-sports-bedroom-decor","","Teal Yellow Softball Bedding Set – Stylish Sports Bedroom Decor","Jeminise","Comforter Sets","amazon-import, amazon-parent-b0cjnfgzvk, Comforter Set, Easy Care, Softball Fans, Sports Bedding, Sports Comforter","2026-08-20T12:05:46-05:00","2026-08-20T11:57:16-05:00","2026-09-06T11:41:31-05:00","12","14","https://cdn.shopify.com/s/files/1/0792/5098/1063/files/26eb896c5342e73633f09030262d7cd53341b53471814d45f57c4a53cd757f36.jpg?v=1787245038","61.90","121.90","TRUE","collections/all/products.json","DISCOVERED","DISCOVERED","","2026-09-06T23:41:32.4166246+07:00"
"335","jeminise.com","jeminise.com+tree-of-life-with-celtic-knot-roots-quilt-set-and-celtic-knot-borders-9482d2b2f5-9482d2b2f5","8833358856391","","tree-of-life-with-celtic-knot-roots-quilt-set-and-celtic-knot-borders-9482d2b2f5-9482d2b2f5","https://jeminise.com/products/tree-of-life-with-celtic-knot-roots-quilt-set-and-celtic-knot-borders-9482d2b2f5-9482d2b2f5","https://jeminise.com/collections/all/products/tree-of-life-with-celtic-knot-roots-quilt-set-and-celtic-knot-borders-9482d2b2f5-9482d2b2f5","","Tree of Life with Celtic Knot Roots Quilt Set And Celtic Knot Borders","Jeminise","Quilt Sets","amazon-import, amazon-parent-b0dnsvy2qj, Custom Blanket, Fantasy Blankets, Personalized Blanket, Quilt Set, Tree of Life Quilt","2026-07-26T01:44:25-05:00","2026-07-26T01:39:49-05:00","2026-09-06T11:41:31-05:00","15","7","https://cdn.shopify.com/s/files/1/0792/5098/1063/files/8bbc0950c2d593b255188b6eacb4c385b219460979b744e3ace1aded1dd8fdf2.jpg?v=1785047992","51.90","126.90","TRUE","collections/all/products.json","DISCOVERED","DISCOVERED","","2026-09-06T23:41:32.4166246+07:00"
"336","jeminise.com","jeminise.com+winter-cardinal-on-berry-branch-patchwork-christmas-quilt-43ecda62b6-43ecda62b6","8834730787015","","winter-cardinal-on-berry-branch-patchwork-christmas-quilt-43ecda62b6-43ecda62b6","https://jeminise.com/products/winter-cardinal-on-berry-branch-patchwork-christmas-quilt-43ecda62b6-43ecda62b6","https://jeminise.com/collections/all/products/winter-cardinal-on-berry-branch-patchwork-christmas-quilt-43ecda62b6-43ecda62b6","","Winter Cardinal on Berry Branch Patchwork Christmas Quilt","Jeminise","Quilt","amazon-import, amazon-parent-b0djpc8jwx, Christmas Blankets, Christmas Quilt, Custom Blanket, Personalized Blanket, Quilt Set, Wildlife Quilt","2026-07-26T17:08:24-05:00","2026-07-26T15:58:39-05:00","2026-09-06T11:41:31-05:00","15","5","https://cdn.shopify.com/s/files/1/0792/5098/1063/files/947e16eb6924808f97fc39212083dfc11bbc2b60832000a81204b6f5ebb0b2d8.jpg?v=1785099521","51.90","126.90","TRUE","collections/all/products.json","DISCOVERED","DISCOVERED","","2026-09-06T23:41:32.4166246+07:00"
"337","jeminise.com","jeminise.com+winter-cardinals-on-heart-shaped-berry-branches-patchwork-christmas-quilt-de1c648f60-de1c648f60","8834734489799","","winter-cardinals-on-heart-shaped-berry-branches-patchwork-christmas-quilt-de1c648f60-de1c648f60","https://jeminise.com/products/winter-cardinals-on-heart-shaped-berry-branches-patchwork-christmas-quilt-de1c648f60-de1c648f60","https://jeminise.com/collections/all/products/winter-cardinals-on-heart-shaped-berry-branches-patchwork-christmas-quilt-de1c648f60-de1c648f60","","Winter Cardinals on Heart Shaped Berry Branches Patchwork Christmas Quilt","Jeminise","Quilt","amazon-import, amazon-parent-b0djpc8jwx, Christmas Quilt, Custom Blanket, Personalized Blanket, Quilt Set, Wildlife Quilt","2026-07-26T17:08:26-05:00","2026-07-26T16:00:23-05:00","2026-09-06T11:41:31-05:00","15","5","https://cdn.shopify.com/s/files/1/0792/5098/1063/files/1ed094022a510d1930ad1bdca0a4095507b6051256b15201e3f8e37176714ca6.jpg?v=1785099625","51.90","126.90","TRUE","collections/all/products.json","DISCOVERED","DISCOVERED","","2026-09-06T23:41:32.4166246+07:00"
"338","jeminise.com","jeminise.com+winter-cat-and-cardinal-sitting-on-snowy-patchwork-christmas-quilt-82f86611f4-82f86611f4","8834725576903","","winter-cat-and-cardinal-sitting-on-snowy-patchwork-christmas-quilt-82f86611f4-82f86611f4","https://jeminise.com/products/winter-cat-and-cardinal-sitting-on-snowy-patchwork-christmas-quilt-82f86611f4-82f86611f4","https://jeminise.com/collections/all/products/winter-cat-and-cardinal-sitting-on-snowy-patchwork-christmas-quilt-82f86611f4-82f86611f4","","Winter Cat and Cardinal Sitting on Snowy Patchwork Christmas Quilt","Jeminise","Quilt","amazon-import, amazon-parent-b0djpc8jwx, Christmas Quilt, Custom Blanket, Personalized Blanket, Quilt Set, Wildlife Quilt","2026-07-26T17:08:23-05:00","2026-07-26T15:56:43-05:00","2026-09-06T11:41:31-05:00","15","5","https://cdn.shopify.com/s/files/1/0792/5098/1063/files/a7d533bd135fe7f47c558a3c6e1115f017b4b84bd401f77466f8f0b8e2c87cc0.jpg?v=1785099406","51.90","126.90","TRUE","collections/all/products.json","DISCOVERED","DISCOVERED","","2026-09-06T23:41:32.4166246+07:00"
